-- phpMyAdmin SQL Dump
-- version 5.1.0
-- https://www.phpmyadmin.net/
--
-- Host: 127.0.0.1
-- Generation Time: Sep 09, 2021 at 05:25 PM
-- Server version: 10.4.19-MariaDB
-- PHP Version: 7.4.19

SET SQL_MODE = "NO_AUTO_VALUE_ON_ZERO";
START TRANSACTION;
SET time_zone = "+00:00";


/*!40101 SET @OLD_CHARACTER_SET_CLIENT=@@CHARACTER_SET_CLIENT */;
/*!40101 SET @OLD_CHARACTER_SET_RESULTS=@@CHARACTER_SET_RESULTS */;
/*!40101 SET @OLD_COLLATION_CONNECTION=@@COLLATION_CONNECTION */;
/*!40101 SET NAMES utf8mb4 */;

--
-- Database: `news_portal`
--

-- --------------------------------------------------------

--
-- Table structure for table `ads`
--

CREATE TABLE `ads` (
  `id` bigint(20) UNSIGNED NOT NULL,
  `link` varchar(255) COLLATE utf8mb4_unicode_ci NOT NULL,
  `image` varchar(255) COLLATE utf8mb4_unicode_ci NOT NULL,
  `status` tinyint(4) NOT NULL DEFAULT 1,
  `created_at` timestamp NULL DEFAULT NULL,
  `updated_at` timestamp NULL DEFAULT NULL
) ENGINE=InnoDB DEFAULT CHARSET=utf8mb4 COLLATE=utf8mb4_unicode_ci;

--
-- Dumping data for table `ads`
--

INSERT INTO `ads` (`id`, `link`, `image`, `status`, `created_at`, `updated_at`) VALUES
(1, 'http://localhost/news_portal/', 'public/backend/upload/posts/ads/1692204831136947.gif', 1, NULL, '2021-02-20 15:07:53'),
(2, 'http://localhost/news_portal/', 'public/backend/upload/posts/ads/1692204556306729.png', 1, NULL, '2021-02-20 15:07:55'),
(3, 'http://localhost/news_portal/', 'public/backend/upload/posts/ads/1692226698273559.gif', 1, NULL, '2021-02-20 15:07:56');

-- --------------------------------------------------------

--
-- Table structure for table `categories`
--

CREATE TABLE `categories` (
  `id` bigint(20) UNSIGNED NOT NULL,
  `name` varchar(255) COLLATE utf8mb4_unicode_ci NOT NULL,
  `slug` varchar(255) COLLATE utf8mb4_unicode_ci NOT NULL,
  `status` tinyint(4) NOT NULL DEFAULT 0,
  `created_at` timestamp NULL DEFAULT NULL,
  `updated_at` timestamp NULL DEFAULT NULL
) ENGINE=InnoDB DEFAULT CHARSET=utf8mb4 COLLATE=utf8mb4_unicode_ci;

--
-- Dumping data for table `categories`
--

INSERT INTO `categories` (`id`, `name`, `slug`, `status`, `created_at`, `updated_at`) VALUES
(11, 'জাতীয়', 'জাতীয়', 1, '2021-02-17 00:18:50', '2021-02-18 07:59:06'),
(12, 'আন্তর্জাতিক', 'আন্তর্জাতিক', 1, '2021-02-17 00:19:56', '2021-02-18 07:59:07'),
(13, 'রাজনীতি', 'রাজনীতি', 1, '2021-02-17 00:20:17', '2021-02-18 07:59:08'),
(14, 'অর্থনীতি', 'অর্থনীতি', 1, '2021-02-17 00:20:33', '2021-02-18 07:59:09'),
(15, 'বিনোদন', 'বিনোদন', 1, '2021-02-17 00:20:53', '2021-02-18 07:59:10'),
(16, 'খেলাধুলা', 'খেলাধুলা', 1, '2021-02-17 00:21:08', '2021-02-18 07:59:11'),
(17, 'তথ্যপ্রযুক্তি', 'তথ্যপ্রযুক্তি', 1, '2021-02-17 00:21:19', '2021-02-18 07:59:12'),
(19, 'লাইফ স্টাইল', 'লাইফ-স্টাইল', 1, '2021-02-17 00:21:42', '2021-02-18 07:59:14'),
(20, 'জীবন সংগ্রাম', 'জীবন-সংগ্রাম', 1, '2021-02-17 00:22:00', '2021-02-18 07:59:14'),
(21, 'ফিচার', 'ফিচার', 1, '2021-02-17 00:22:22', '2021-02-18 07:59:03'),
(22, 'সম্পাদকীয়', 'সম্পাদকীয়', 1, '2021-02-17 00:22:35', '2021-02-18 07:59:03'),
(23, 'ধর্ম ও জীবন', 'ধর্ম-ও-জীবন', 1, '2021-02-17 00:22:45', '2021-02-18 07:58:40'),
(24, 'শিক্ষা', 'শিক্ষা', 1, '2021-02-17 00:23:01', '2021-02-18 07:47:42'),
(25, 'স্বাস্থ্য', 'স্বাস্থ্য', 1, '2021-02-17 00:23:11', '2021-02-18 07:47:41'),
(26, 'চাকুরি', 'চাকুরি', 1, '2021-02-17 00:23:24', '2021-02-18 07:47:41'),
(27, 'সাহিত্য', 'সাহিত্য', 1, '2021-02-17 00:23:35', '2021-02-18 07:47:40'),
(28, 'ভ্রমণ', 'ভ্রমণ', 1, '2021-02-17 00:23:47', '2021-02-18 07:47:38'),
(29, 'রকমারী', 'রকমারী', 1, '2021-02-17 00:24:00', '2021-02-18 07:47:39'),
(30, 'কৃষি ও খাদ্য', 'কৃষি-ও-খাদ্য', 1, '2021-02-17 00:24:31', '2021-02-18 07:47:36'),
(31, 'ফ্যাশন', 'ফ্যাশন', 1, '2021-02-17 00:24:43', '2021-02-18 07:58:30'),
(32, 'নারী মেলা', 'নারী-মেলা', 1, '2021-02-17 00:24:52', '2021-02-18 07:47:29'),
(33, 'প্রেস বিজ্ঞপ্তি', 'প্রেস-বিজ্ঞপ্তি', 1, '2021-02-17 00:25:08', '2021-02-18 07:47:28');

-- --------------------------------------------------------

--
-- Table structure for table `failed_jobs`
--

CREATE TABLE `failed_jobs` (
  `id` bigint(20) UNSIGNED NOT NULL,
  `uuid` varchar(255) COLLATE utf8mb4_unicode_ci NOT NULL,
  `connection` text COLLATE utf8mb4_unicode_ci NOT NULL,
  `queue` text COLLATE utf8mb4_unicode_ci NOT NULL,
  `payload` longtext COLLATE utf8mb4_unicode_ci NOT NULL,
  `exception` longtext COLLATE utf8mb4_unicode_ci NOT NULL,
  `failed_at` timestamp NOT NULL DEFAULT current_timestamp()
) ENGINE=InnoDB DEFAULT CHARSET=utf8mb4 COLLATE=utf8mb4_unicode_ci;

-- --------------------------------------------------------

--
-- Table structure for table `migrations`
--

CREATE TABLE `migrations` (
  `id` int(10) UNSIGNED NOT NULL,
  `migration` varchar(255) COLLATE utf8mb4_unicode_ci NOT NULL,
  `batch` int(11) NOT NULL
) ENGINE=InnoDB DEFAULT CHARSET=utf8mb4 COLLATE=utf8mb4_unicode_ci;

--
-- Dumping data for table `migrations`
--

INSERT INTO `migrations` (`id`, `migration`, `batch`) VALUES
(1, '2014_10_12_000000_create_users_table', 1),
(2, '2014_10_12_100000_create_password_resets_table', 1),
(3, '2019_08_19_000000_create_failed_jobs_table', 1),
(4, '2021_02_17_051752_create_categories_table', 2),
(5, '2021_02_17_124523_create_posts_table', 3),
(6, '2021_02_20_124534_create_ads_table', 4),
(7, '2021_02_20_220209_create_settings_table', 5),
(8, '2021_02_21_101803_create_photo_galleries_table', 6),
(9, '2021_02_21_121742_create_video_galleries_table', 7);

-- --------------------------------------------------------

--
-- Table structure for table `password_resets`
--

CREATE TABLE `password_resets` (
  `email` varchar(255) COLLATE utf8mb4_unicode_ci NOT NULL,
  `token` varchar(255) COLLATE utf8mb4_unicode_ci NOT NULL,
  `created_at` timestamp NULL DEFAULT NULL
) ENGINE=InnoDB DEFAULT CHARSET=utf8mb4 COLLATE=utf8mb4_unicode_ci;

-- --------------------------------------------------------

--
-- Table structure for table `photo_galleries`
--

CREATE TABLE `photo_galleries` (
  `id` bigint(20) UNSIGNED NOT NULL,
  `title` varchar(255) COLLATE utf8mb4_unicode_ci NOT NULL,
  `image` varchar(255) COLLATE utf8mb4_unicode_ci NOT NULL,
  `status` tinyint(4) NOT NULL DEFAULT 1,
  `created_at` timestamp NULL DEFAULT NULL,
  `updated_at` timestamp NULL DEFAULT NULL
) ENGINE=InnoDB DEFAULT CHARSET=utf8mb4 COLLATE=utf8mb4_unicode_ci;

--
-- Dumping data for table `photo_galleries`
--

INSERT INTO `photo_galleries` (`id`, `title`, `image`, `status`, `created_at`, `updated_at`) VALUES
(4, 'কক্সবাজারের সমূদ্র সৌকতের একটি দৃশ্য', 'public/backend/upload/posts/photo_gallery/1692280765104804.gif', 1, '2021-02-21 05:18:21', '2021-02-21 05:41:24'),
(5, 'বাইতুল মোকাররাম মসজিদ', 'public/backend/upload/posts/photo_gallery/1692280816125766.jpg', 1, '2021-02-21 05:19:10', '2021-02-21 05:41:23');

-- --------------------------------------------------------

--
-- Table structure for table `posts`
--

CREATE TABLE `posts` (
  `id` bigint(20) UNSIGNED NOT NULL,
  `category_id` bigint(20) UNSIGNED NOT NULL,
  `title` varchar(255) COLLATE utf8mb4_unicode_ci NOT NULL,
  `slug` varchar(255) COLLATE utf8mb4_unicode_ci NOT NULL,
  `description` longtext COLLATE utf8mb4_unicode_ci NOT NULL,
  `image` varchar(255) COLLATE utf8mb4_unicode_ci NOT NULL,
  `hot_news` varchar(255) COLLATE utf8mb4_unicode_ci NOT NULL,
  `date` date DEFAULT NULL,
  `status` tinyint(4) NOT NULL DEFAULT 1,
  `created_at` timestamp NULL DEFAULT NULL,
  `updated_at` timestamp NULL DEFAULT NULL
) ENGINE=InnoDB DEFAULT CHARSET=utf8mb4 COLLATE=utf8mb4_unicode_ci;

--
-- Dumping data for table `posts`
--

INSERT INTO `posts` (`id`, `category_id`, `title`, `slug`, `description`, `image`, `hot_news`, `date`, `status`, `created_at`, `updated_at`) VALUES
(1, 11, 'সেকলো ক্যাপসুলের নামে বিক্রি হচ্ছে ময়দার দানা!', 'সেকলো-ক্যাপসুলের-নামে-বিক্রি-হচ্ছে-ময়দার-দানা!', '<p>মোড়ক দেখে কারও বোঝার উপায় নেই ক্যাপসুলগুলো নকল। দেখতে স্কয়ার ফার্মার তৈরি সেকলো-২০ ক্যাপসুলের মতো হলেও আসলে ভেতরে ময়দার দানা। চট্টগ্রামের হাটহাজারীতে একটি ফার্মেসিতে অভিযান চালিয়ে সেকলো-২০ ক্যাপসুলের আদলে বানানো ২২৯ পাতা নকল ক্যাপসুল জব্দ করেছে ভ্রাম্যমাণ আদালত।</p>\r\n\r\n<p>বুধবার (৫ ফেব্রুয়ারি) সকালে পৌরসভার আলম ফার্মেসিতে এ অভিযান পরিচালনা করেন উপজেলা নির্বাহী কর্মকর্তা (ইউএনও) মো. রুহুল আমিন।</p>\r\n\r\n<p>মো. রুহুল আমিন জাগো নিউজকে বলেন, &lsquo;গতকাল সন্ধ্যায় একজন ফেসবুক ইনবক্সে নকল সেকলো ক্যাপসুল বিক্রির বিষয়টি আমাকে জানায়। অভিযোগ পেয়ে প্রথমে দুই ফার্মেসি থেকে দুই ধরনের সেকলো কিনে বাসায় নিয়ে এসে পরীক্ষা করলাম। আসল সেকলোর দানাগুলো ছোট ছোট। ক্যাপসুলের গায়ে স্কয়ার লেখা আছে। দানাগুলো তিতকুটে ধরনের স্বাদ। আর নকল সেকলোর দানাগুলো হোমিওপ্যাথিক দানার সাইজ। ক্যাপসুলের গায়ে স্কয়ার লেখা নেই। দানাগুলোর স্বাদ ময়দার মতো।&rsquo;</p>', '1691954476042946.jpg', '1', '2021-02-17', 1, '2021-02-17 08:52:08', '2021-02-20 04:38:24'),
(2, 15, '‘দ্য রক’ খ্যাত ডোয়াইন জনসনের বাবার মৃত্যু', '‘দ্য-রক’-খ্যাত-ডোয়াইন-জনসনের-বাবার-মৃত্যু', '<p>&lsquo;দ্য রক&rsquo; হিসেবে বিশ্বজুড়ে পরিচিত তিনি। হলিউডের সিনেমাতেও পেয়েছেন আকাশ ছোঁয়া সাফল্য। বলছি<br />\r\nডোয়াইন জনসনের কথা। তার বাবা কিংবদন্তি রেসলার রকি জনসন মারা গেছেন। বুধবার (১৫ জানুয়ারি) ৭৫ বছর বয়সে ম্যাসিভ হার্ট অ্যাটাকে তিনি মৃত্যুবরণ করেছেন।</p>\r\n\r\n<p>এক ভিডিও বার্তায় বিষয়টি নিজেই জানিয়েছেন ডোয়াইন জনসন। সূত্র- টাইমস অব ইন্ডিয়া।</p>\r\n\r\n<p>সেখানে বলা হয়েছে সম্প্রতি সোশ্যাল মিডিয়ায় ডোয়াইন জনসন একটি ভিডিও শেয়ার করেছেন। সেখানে তিনি বলেছেন, &lsquo;অনেকেই জানতে চেয়েছেন আমার বাবার কী হয়েছিল। অনেকদিন ধরেই অসুস্থ ছিলেন তিনি। ঠাণ্ডা আর সংক্রমণ ছিল। মঙ্গলবার তার ডিপ ভেইন থ্রমবোসিস হয়েছিল।</p>\r\n\r\n<p>এতে প্রথমে তার পায়ে রক্ত জমাট বাঁধে। ধীরে ধীরে সেটা পুরো শরীরে ছড়িয়ে যায়। ফুসফুসেও রক্ত জমে গিয়েছিলো। এরপর ম্যাসিভ হার্ট অ্যাটাক হলে পৃথিবী ছেড়ে যান তিনি।&rsquo;</p>\r\n\r\n<p>তিনি আরও বলেন, &lsquo;খুব দ্রুত চলে গেলেন তিনি। কিন্তু বেশীদিন ভুগতে হয়নি। এটাই সান্ত্বনা আমার জন্য।&rsquo;</p>\r\n\r\n<p>এদিকে ডোয়াইন জনসন বর্তমানে &lsquo;ব্ল্যাক অ্যাডাম&rsquo; ছবির প্রস্তুতি নিচ্ছেন। এছাড়াও ডিসি ইউনিভার্স ফিল্মের &lsquo;জঙ্গল ক্রুজ&rsquo; এবং &lsquo;রেড নোটিস&rsquo; ছবির কাজও করছেন।</p>', '1691958513456836.jpg', '1', '2021-02-17', 1, '2021-02-17 09:38:44', '2021-02-20 04:56:09'),
(5, 11, 'নতুন মন্ত্রিসভার প্রথম বৈঠক শুরু', 'নতুন-মন্ত্রিসভার-প্রথম-বৈঠক-শুরু', '<p>প্রধানমন্ত্রী শেখ হাসিনার সভাপতিত্বে আজ সকাল ১০টায় তাঁর তেজগাঁওস্থ কার্যালয়ে নবগঠিত মন্ত্রিসভার প্রথম বৈঠক শুরু হয়েছে। প্রধানমন্ত্রীর কার্যালয়ের একটি সূত্র এ তথ্য নিশ্চিত করেছে।বৈঠকের শুরুতেই প্রধানমন্ত্রী তাঁর মন্ত্রিসভার সদস্যদের ক্ষুধা ও দারিদ্র্য মুক্ত সোনার বাংলাদেশ গড়ে তোলার মাধ্যমে সরকারের লক্ষ্য পূরণে সর্বোচ্চ সততা এবং আন্তরিকতার সঙ্গে দায়িত্ব পালনের আহ্বান জানান।<br />\r\nএরআগে মন্ত্রিপরিষদ সচিব মো. শফিউল আলম প্রধানমন্ত্রীকে টানা তৃতীয়বার সহ মোট চতুর্থবারের মত প্রধানমন্ত্রী হিসেবে দায়িত্বভার গ্রহণ করায় ফুলের তোড়া দিয়ে অভিনন্দন জানান।গত ৩০ ডিসেম্বরের একাদশ জাতীয় সংসদ নির্বাচনে বিপুল বিজয়ের পর গত ৭ জানুয়ারি আওয়ামী লীগ সভাপতি শেখ হাসিনা সহ নতুন মন্ত্রিসভার ৪৭ সদস্য বঙ্গভবনে এক অনুষ্ঠানের মাধ্যমে শপথ গ্রহণ করেন।<br />\r\nপ্রধানমন্ত্রী ছাড়াও ২৪ জন মন্ত্রী, ১৯ জন প্রতিমন্ত্রী ও ৩ জন উপমন্ত্রী সেদিন শপথ গ্রহণ করেন। রাষ্ট্রপতি মো. আব্দুল হামিদ এই শপথ বাক্য পাঠ করান।</p>', '1691959075122162.jpg', '1', '2021-02-17', 1, '2021-02-17 10:05:14', '2021-02-20 04:38:20'),
(6, 12, 'ভুটান যেতে বাংলাদেশিদের দিতে হবে ১৪০০ টাকা', 'ভুটান-যেতে-বাংলাদেশিদের-দিতে-হবে-১৪০০-টাকা', '<p>বাংলাদেশি পর্যটকদের বিনা ফি-তে ভুটান ভ্রমণের সুযোগ আর থাকছে না। সোমবার দেশটির পার্লামেন্টের নিম্নকক্ষে নতুন একটি আইন পাস হয়েছে। এই আইনে বাংলাদেশ, ভারত এবং মালদ্বীপের পর্যটকদের জন্য ভুটানে প্রবেশে ফি নির্ধারণ করা হয়েছে।</p>\r\n\r\n<p>ভারতীয় দৈনিক দ্য হিন্দু বলছে, প্রতিবেশি তিনদেশের পর্যটকদের ওপর প্রবেশ ফি আরোপ করে একটি নতুন আইন পাস করেছে ভুটান। চলতি বছরের জুলাই থেকে এই ফি কার্যকর হবে। নতুন আইনে বাংলাদেশি পর্যটকদের গুনতে হবে এক হাজার ৪৩২ টাকা। একই ফি পরিশোধ করতে ভারত এবং মালদ্বীপের পর্যটকদেরও।</p>\r\n\r\n<p>টেকসই উন্নয়নের লক্ষ্যে এই ফি নেয়া হচ্ছে বলে ভুটান জানিয়েছে। এই অঞ্চলের পর্যটকদের কাছে ক্রমবর্ধমান জনপ্রিয় গন্তব্য হিসেবে পরিচিত ভুটান। লাখ লাখ পর্যটকের পদচারণা দেশটির বাস্ত্যুসংস্থানের ওপর প্রভাব ফেলছে। পর্যটকদের কাছে থেকে নেয়া টেকসই উন্নয়ন ফি সরাসরি দেশটির সরকারি রাজস্ব ভাণ্ডারে যোগ হবে।</p>\r\n\r\n<p>ভুটানের পর্যটন পরিষদ বলছে, পর্যটকের সংখ্যা ব্যাপক পরিমাণে বৃদ্ধি পাওয়ায় এই ফি শহরের যানজট ও ভুটানিদের সামাজিক কল্যাণে নেয়া সরকারের বিভিন্ন প্রকল্পে ব্যয় করা হবে।</p>\r\n\r\n<p>পর্যটন পরিষদের বার্ষিক প্রতিবেদনে বলা হয়েছে, বিশ্বের বিভিন্ন দেশের পর্যটকদের গন্তব্য হিসেবে বেছে নেয়ার ক্ষেত্রে শীর্ষে রয়েছে ভারত। প্রত্যেক বছর ভারত থেকে লাখ লাখ মানুষ ভুটানে ঘুরতে যান। গত বছর দেশটিতে প্রায় ১৯ লাখ ভারতীয় ঘুরতে যান। বাংলাদেশ থেকেও লাখ লাখ মানুষ প্রত্যেক বছর দেশটিতে ঘুরতে যান।</p>', '1691959155693195.jpg', '1', '2021-02-17', 1, '2021-02-17 10:06:31', '2021-02-17 10:06:31'),
(7, 13, 'মেগা প্রজেক্ট বাস্তবায়নে গাফিলতি সহ্য করা হবে না : ওবায়দুল কাদের', 'মেগা-প্রজেক্ট-বাস্তবায়নে-গাফিলতি-সহ্য-করা-হবে-না-:-ওবায়দুল-কাদের', '<p>আওয়ামী লীগের সাধারণ সম্পাদক এবং সড়ক পরিবহন ও সেতুমন্ত্রী ওবায়দুল কাদের মেগা প্রজেক্ট যথাযথভাবে বাস্তবায়নের উপর গুরুত্বারোপ করে বলেছেন, এ ব্যাপারে কারো কোন ধরনের গাফিলতি সহ্য করা হবে না ।তিনি আজ দুপুরে রাজধানীর মহাখালীস্থ সেতুভবন মিলনায়তনে সেতু বিভাগ ও সেতু কর্তৃপক্ষের কর্মকর্তাদের সঙ্গে মতবিনিময় অনুষ্ঠানে একথা বলেন।<br />\r\nকাদের বলেন, &lsquo;সামনে সবচেয়ে বড় চ্যালেঞ্জ হলো মেগা প্রজেক্টগুলোকে যথাযথভাবে বাস্তবায়ন করতে হবে। এ ব্যাপারে কারো কোন ধরনের গাফিলতি সহ্য করা হবে না।&rsquo;সভায় সড়ক পরিবহন ও সেতু মন্ত্রণালয়ের সেতু বিভাগের সিনিয়র সচিব খন্দকার আনোয়ারুল ইসলাম ও পদ্মাসেতু প্রকল্পের পরিচালক শফিকুল ইসলামসহ মন্ত্রণালয়ের জ্যেষ্ঠ কর্মকর্তাদের উপস্থিতিতে সেতুমন্ত্রী বলেন,<br />\r\n&ldquo;প্রধানমন্ত্রী শেখ হাসিনার নির্বাচনী ইস্তেহার অনুযায়ী দুর্নীতিকে আমরা প্রশ্রয় দেব না। দুর্নীতির বিষয়ে জিরো টলারেন্স দেখানো হবে। এ ব্যাপরে কোন শৌথিল্য বা দূর্বলতা সহ্য করা হবে না।&rdquo;সভায় কাদের আওয়ামী লীগের নির্বাচনী ইস্তেহার ২০১৮ বাস্তবায়নের জন্য সার্বিক নির্দেশনা প্রদান করে বলেন, আওয়ামী লীগের বিশাল বিজয়ে দায়িত্ব পালনের চ্যালেঞ্জও বেড়ে গেছে। নির্বাচনি ইশতেহার বাস্তবায়নের জন্য টিম স্পিরিটের ভিত্তিতে টিম ওর্য়াাক গড়ে তুলতে হবে।তিনি বলেন, &lsquo;এ মন্ত্রণালয়ে কোন পারসেন্টেজ নয়, স্বচ্ছতার ভিত্তিতে সকল কাজ করেছি। আপনারও স্বচ্ছতা ও সততার সঙ্গে কাজ করবেন। যাতে সরকারের কোন দুর্নাম না হয়, সরকারের সততার যে সুনাম রয়েছে তা যেন অব্যাহত থাকে। কারণ বড় বড় প্রকল্প বাস্তবায়ন করতে হলে স্বচ্ছ থাকতে হবে।</p>', '1691959260001711.jpg', '1', '2021-02-17', 1, '2021-02-17 10:08:11', '2021-02-20 04:40:39'),
(8, 24, 'সুষ্ঠু ও শান্তিপূর্ণ পরিবেশে ডাকসু নির্বাচনে সবার সহযোগিতা কামনা উপাচার্যের', 'সুষ্ঠু-ও-শান্তিপূর্ণ-পরিবেশে-ডাকসু-নির্বাচনে-সবার-সহযোগিতা-কামনা-উপাচার্যের', '<p>ঢাকা বিশ্ববিদ্যালয়ের উপাচার্য অধ্যাপক ড. মো. আখতারুজ্জামান বিশ্ববিদ্যালয় কেন্দ্রীয় ছাত্র সংসদ (ডাকসু) ও হল সংসদ নির্বাচন সুষ্ঠু ও শান্তিপূর্ণ পরিবেশে অনুষ্ঠানের জন্য সংশ্লিষ্ট সকলের সহযোগিতা চেয়েছেন।আজ বৃহস্পতিবার নবাব নওয়াব আলী চৌধুরী সিনেট ভবনে অনুষ্ঠিত বিভিন্ন হলের প্রভোস্ট, আবাসিক শিক্ষক, সহকারী আবাসিক শিক্ষক এবং প্রক্টরিয়াল টিমের সদস্যদের এক যৌথ সভায় সভাপতির বক্তব্যে তিনি এই সহযোগিতা চান।সভায় প্রো-উপাচার্য (শিক্ষা) অধ্যাপক ড. নাসরীন আহমাদ, প্রো-উপাচার্য (প্রশাসন) অধ্যাপক ড. মুহাম্মদ সামাদ, কোষাধ্যক্ষ অধ্যাপক ড. মো. কামাল উদ্দীন, চীফ রিটার্নিং অফিসার অধ্যাপক ড. এস এম মাহফুজুর রহমান প্রমুখ উপস্থিত ছিলেন।সভায় উপাচার্য অধ্যাপক ড. মো. আখতারুজ্জামান ঢাকা বিশ্ববিদ্যালয় কেন্দ্রীয় ছাত্র সংসদ (ডাকসু) ও হল সংসদ নির্বাচনের সার্বিক প্রস্তুতি তুলে ধরে বলেন, ডাকসুর গঠনতন্ত্র সংশোধন/পরিমার্জন এবং আচরণবিধি প্রণয়নের জন্য ইতোমধ্যেই কমিটি গঠন করা হয়েছে। এসব কমিটির কাজ চূড়ান্ত পর্যায়ে রয়েছে।তিনি ডাকসু নির্বাচনের সঙ্গে জড়িত আবাসিক শিক্ষক, সহকারী আবাসিক শিক্ষকসহ সংশ্লিষ্টদের দায়িত্ব ও কর্তব্য সম্পর্কে সকলকে অবহিত করেন। সকলের সম্মিলিত প্রচেষ্টায় শিগ্গিরই ডাকসু নির্বাচন সম্ভব হবে বলে তিনি আশা প্রকাশ করেন।</p>', '1691959375410865.jpg', '1', '2021-02-17', 1, '2021-02-17 10:10:01', '2021-02-17 10:10:01'),
(9, 14, 'ভূমি ব্যবস্থাপনায় ঘুষ ও দুর্নীতি বন্ধে সহযোগিতার আহ্বান জানিয়েছেন ভূমিমন্ত্রী', 'ভূমি-ব্যবস্থাপনায়-ঘুষ-ও-দুর্নীতি-বন্ধে-সহযোগিতার-আহ্বান-জানিয়েছেন-ভূমিমন্ত্রী', '<p>ভূমিমন্ত্রী সাইফুজ্জামান চৌধুরী ভূমি ব্যবস্থাপনায় ঘুষ, দুর্নীতি ও সন্ত্রাস বন্ধে সংশ্লিষ্ট সকলের প্রতি সহযোগিতার আহ্বান জানিয়েছেন।<br />\r\nতিনি বলেন, &lsquo;ভূমি অফিসগুলোর ওপর আমরা নিয়ন্ত্রণ নিয়েছি। মন্ত্রণালয়ে সরাসরি অভিযোগ গ্রহণের একটি হটলাইন খোলা হবে। সার্বিক অর্থে ভূমি নিয়ে কোন অভিযোগ আমরা চাই না। আগামী পাঁচ বছরে এ খাতে দুর্র্নীতির ক্ষেত্রে জিরো টলারেন্স আনার লক্ষ্যে সবাইকে কাজ করতে হবে।&rsquo;আজ বিকালে সাভারে মৎস্য ও প্রাণিসম্পদ প্রশিক্ষণ কেন্দ্রের মাঠে বিসিএস ক্যাডারভুক্ত এবং বাংলাদেশ জুডিশিয়াল সার্ভিস কর্মকর্তাগণের ১১৬তম সার্ভে এন্ড সেটেলমেন্ট প্রশিক্ষণ কোর্সের উদ্বোধনী অনুষ্ঠানে প্রধান অতিথির বক্তব্যে তিনি এসব কথা বলেন।ভূমি রেকর্ড ও জরিপ অধিদপ্তরের মহাপরিচালক তসলীমুল ইসলামের সভাপতিত্বে এ সময় অন্যান্যের মধ্যে ভূমি সচিব মাকছুদুর রহমান পাটওয়ারী, ভূমি রেকর্ড ও জরিপ অধিদপ্তরের পরিচালক ফজলুর রহমান বক্তব্য রাখেন। প্রশিক্ষণে বিসিএস প্রশাসন, পুলিশ, বন ও রেলওয়ে ক্যাডারের ৫৮ জন কর্মকর্তা এ সময় উপস্থিত ছিলেন।সাইফুজ্জামান চৌধুরী বলেন, মানুষের আস্থা ও বিশ^াস থেকেই জনগণের ম্যান্ডেট নিয়ে জননেত্রী শেখ হাসিনা পর পর তিন বারের মতো প্রধানমন্ত্রী হয়েছেন। সাধারণ মানুষের ভোগান্তি দূর করার জন্যই আওয়ামী লীগ আবার ক্ষমতায় এসেছে।</p>', '1691959411010525.jpg', '1', '2021-02-17', 1, '2021-02-17 10:10:35', '2021-02-17 10:10:35'),
(10, 13, 'এসএসসি পরীক্ষা উপলক্ষে একমাস কোচিং সেন্টার বন্ধ থাকবে', 'এসএসসি-পরীক্ষা-উপলক্ষে-একমাস-কোচিং-সেন্টার-বন্ধ-থাকবে', '<p>মাধ্যমিক স্কুল সার্টিফিকেট (এসএসসি) ও সমামনা পরীক্ষায় প্রশ্ন-পত্র ফাঁস রোধে আগামী ২৭ জানুয়ারি থেকে ২৭ ফেব্রুয়ারি পর্যন্ত দেশের সকল কোচিং সেন্টার বন্ধ রাখার সিদ্ধান্ত নিয়ে শিক্ষা মন্ত্রণালয়।আজ রোববার বিকেলে মন্ত্রণালয়ের সম্মেলন কক্ষে মাধ্যমিক স্কুল সার্টিফিকেট (এসএসসি) ও সমামনা পরীক্ষা উপলক্ষে জাতীয় মনিটরিং ও আইন-শৃঙ্খলা সংক্রান্ত কমিটির সভা শেষে আয়োজিত সংবাদ সম্মেলনে এ কথা জানান শিক্ষামন্ত্রী ডা. দীপু মনি।শিক্ষামন্ত্রী বলেন, &lsquo;এসএসসি ও সমমনা পরীক্ষা উপলক্ষে সারাদেশের কোচিং সেন্টার গুলো একমাস বন্ধ থাকবে। আগামী ২৭ জানুয়ারি থেকে ২৭ ফেব্রুয়ারি পর্যন্ত সকল কোচিং সেন্টার গুলো বন্ধ রাখা হবে।&rsquo;দীপু মনি বলেন, প্রশ্নপত্র ফাঁসরোধে আসন্ন এসএসসি পরীক্ষা থেকে অ্যালুমিনিয়াম ফয়েল কাগজে বাঁধিয়ে কেন্দ্র গুলোতে প্রশ্নপত্র পাঠানো হবে। যাতে করে কেউ যাতে কোন ভাবেই প্রশ্নপত্র খুলতে না পারে। পরীক্ষা শুরুর ২৫ মিনিট আগে কোন সেট প্রশ্নপত্রে পরীক্ষা হবে, তা লটারি করে ঠিক করা হবে।তিনি বলেন, এতোদিন সারাদেশেই অসংখ্য উপকেন্দ্র বা ভেন্যু সেন্টার ছিল। এবার সেটা কমিয়ে আনার সিদ্ধান্ত হয়েছে। ঢাকা শহরের বেশির ভাগ কেন্দ্র পরিবর্তন করা হয়েছে।দীপু মনি বলেন, এবারও পরীক্ষা শুরুর ৩০ মিনিট আগে পরীক্ষার্থীদের কেন্দ্রে প্রবেশ করতে হবে। যদি বিশেষ কোনো কারণে কারও দেরি হয় সেই ক্ষেত্রে দেরির কারণ ও পরীক্ষার্থীর নাম ঠিকানা লিখে কেন্দ্রে প্রবেশ করতে হবে।</p>', '1691959456349587.jpg', '1', '2021-02-17', 1, '2021-02-17 10:11:18', '2021-02-20 04:40:43'),
(11, 16, '৩৪৭ করেও নিউজিল্যান্ডের কাছে হারল ভারত', '৩৪৭-করেও-নিউজিল্যান্ডের-কাছে-হারল-ভারত', '<p>টি-টোয়েন্টি সিরিজে ভারতের বিপক্ষে একটি ম্যাচেও জয় নিয়ে মাঠ ছাড়তে পারেনি স্বাগতিক নিউজিল্যান্ড। টানা দুই ম্যাচ সুপার ওভারে গিয়ে হার আর হোয়াইটওয়াশের যন্ত্রণা বুকে নিয়েই ওয়ানডে সিরিজ শুরু করেছে কিউইরা। মনে হচ্ছিল, হ্যামিল্টনে সিরিজের প্রথম ওয়ানডেতেও ভাগ্য বদল বোধ হয় হবে না স্বাগতিকদের।</p>\r\n\r\n<p>শ্রেয়াস আয়ারের সেঞ্চুরিতে ভর করে যে ৪ উইকেটে ৩৪৭ রানের পাহাড়সম সংগ্রহই গড়েছিল ভারত। নিউজিল্যান্ডের সামনে লক্ষ্য দাঁড়ায় ৩৪৮ রানের, যে কোনো প্রতিপক্ষের বিপক্ষেই যেটা কঠিন এক চ্যালেঞ্জ।</p>\r\n\r\n<p>&nbsp;</p>\r\n\r\n<p>টি-টোয়েন্টি সিরিজে ভারতের বিপক্ষে একটি ম্যাচেও জয় নিয়ে মাঠ ছাড়তে পারেনি স্বাগতিক নিউজিল্যান্ড। টানা দুই ম্যাচ সুপার ওভারে গিয়ে হার আর হোয়াইটওয়াশের যন্ত্রণা বুকে নিয়েই ওয়ানডে সিরিজ শুরু করেছে কিউইরা। মনে হচ্ছিল, হ্যামিল্টনে সিরিজের প্রথম ওয়ানডেতেও ভাগ্য বদল বোধ হয় হবে না স্বাগতিকদের।</p>\r\n\r\n<p>শ্রেয়াস আয়ারের সেঞ্চুরিতে ভর করে যে ৪ উইকেটে ৩৪৭ রানের পাহাড়সম সংগ্রহই গড়েছিল ভারত। নিউজিল্যান্ডের সামনে লক্ষ্য দাঁড়ায় ৩৪৮ রানের, যে কোনো প্রতিপক্ষের বিপক্ষেই যেটা কঠিন এক চ্যালেঞ্জ।</p>', '1691959509309143.jpg', '1', '2021-02-17', 1, '2021-02-17 10:12:08', '2021-02-20 04:56:58'),
(13, 22, 'এনআইডির ‘ডাউন’ সার্ভার ‘আপ’ হবে কবে?', 'এনআইডির-‘ডাউন’-সার্ভার-‘আপ’-হবে-কবে?', '<p>নির্বাচন কমিশনের ১০ কোটি ৪২ লাখ ভোটারের তথ্য সংরক্ষণকারী সার্ভার বিকল হয়ে আছে ১০ জানুয়ারি থেকে। সেই থেকে জাতীয় পরিচয় (এনআইডি) নিবন্ধন সংক্রান্ত সব সেবা বন্ধ আছে। এই ঘটনার পর থেকে প্রতিদিনই বলা হচ্ছে, দু-এক দিনের মধ্যে ঠিক হয়ে যাবে। কিন্তু ঠিক হয়নি।অবশ্য নির্বাচন কমিশন সচিব হেলালুদ্দীন আহমদ বলছেন, সার্ভার ডাউন, এটা হতেই পারে। আবার আপ হয়ে যাবে।</p>', '1691959565790890.jpg', '1', '2021-02-17', 1, '2021-02-17 10:13:02', '2021-02-17 10:13:02'),
(14, 22, 'নেতৃত্বের শূন্যতা বিএনপির ভরাডুবির অন্যতম কারণ: প্রধানমন্ত্রী', 'নেতৃত্বের-শূন্যতা-বিএনপির-ভরাডুবির-অন্যতম-কারণ:-প্রধানমন্ত্রী', '<p>সভানেত্রী ও প্রধানমন্ত্রী শেখ হাসিনা ৩০ ডিসেম্বরের নির্বাচনে ভোটের মাধ্যমে জনগণের প্রদত্ত আস্থা ও বিশ্বাসের মর্যাদা রক্ষার প্রতিশ্রুতি পুনর্ব্যক্ত করেছেন। একই সঙ্গে দলের নেতা-কর্মীদের ধৈর্য ও সংযমের সঙ্গে চলার আহ্বান জানিয়েছেন। এই নির্বাচনে বিএনপির ভরাডুবির নেপথ্যে দলটির নেতৃত্বের শূন্যতাকে অন্যতম কারণ বলে উল্লেখ করেন প্রধানমন্ত্রী।গণভবনে রোববার সন্ধ্যায় গোপালগঞ্জের টুঙ্গিপাড়া ও কোটালীপাড়া উপজেলা আওয়ামী লীগ এবং সহযোগী সংগঠনসমূহের নেতা-কর্মীদের সঙ্গে মত বিনিময় করেন প্রধানমন্ত্রী। সেখানে তিনি এ কথা বলেন।</p>', '1691960332644737.jpg', '1', '2021-02-17', 1, '2021-02-17 10:14:35', '2021-02-17 10:25:13'),
(15, 22, 'বিজয় উৎসবের মঞ্চে প্রধানমন্ত্রীর ভাষণ শুরু', 'বিজয়-উৎসবের-মঞ্চে-প্রধানমন্ত্রীর-ভাষণ-শুরু', '<p>প্রধানমন্ত্রী ও আওয়ামী লীগের সভানেত্রী ভাষণ দিচ্ছেন। তিনি&nbsp;আজ শনিবার বেলা ৩টা ৫ মিনিটে&nbsp;রাজধানীর সোহরাওয়ার্দী উদ্যানে আওয়ামী লীগের &lsquo;বিজয় উৎসবের&rsquo; মঞ্চে আসেন। প্রধানমন্ত্রী মঞ্চে ওঠার সঙ্গে সঙ্গে &lsquo;জয় বাংলা&rsquo; ধ্বনিতে মুখর হয়ে ওঠে বাংলাদেশের স্বাধিকার ও স্বাধীনতা আন্দোলনের অনেক ঘটনার সাক্ষী এর আগে বেলা আড়াইটার দিকে সমাবেশ শুরু হয়। শুরুতেই পবিত্র কোরআন, গীতা, বাইবেল ও ত্রিপিটক পাঠ করা হয়। প্রথম বক্তব্য দেন ছাত্রলীগ সভাপতি রেজওয়ানুল হক চৌধুরী শোভন।বেলা আড়াইটায় বিজয় উৎসবের সময় নির্ধারণ থাকলেও সকাল ১০টা থেকেই আজকের উৎসবস্থল, সোহরাওয়ার্দী উদ্যান লোকারণ্য হয়ে ওঠে। জয় বাংলা স্লোগানে উদ্যান মুখরিত। একাদশ জাতীয় সংসদ নির্বাচনে বিজয়ী আওয়ামী লীগের &lsquo;বিজয় উৎসব&rsquo; আজ।</p>', '1691959737974937.jpg', '1', '2021-02-17', 1, '2021-02-17 10:15:46', '2021-02-17 10:15:46'),
(16, 22, 'এ মাসেই পদ্মা সেতুতে বসবে আরেকটি স্প্যান', 'এ-মাসেই-পদ্মা-সেতুতে-বসবে-আরেকটি-স্প্যান', '<p>পদ্মা বহুমুখী সেতু প্রকল্পের সার্বিক অগ্রগতি শতকরা ৬৩ ভাগ এবং এ মাসের শেষ সপ্তাহে জাজিরা প্রান্তে আরও একটি স্প্যান স্থাপন করা হবে।সড়ক পরিবহন ও সেতু মন্ত্রী ওবায়দুল কাদের আজ রোববার বনানীর সেতু ভবনের সম্মেলন কক্ষে সেতু বিভাগের কর্মকর্তা-কর্মচারীদের সঙ্গে মতবিনিময় সভা শেষে সাংবাদিকদের এ কথা বলেন। আগামী মাসের মাঝামাঝি সময়ে ট্যানেল বোরিং মেশিনের (টিএমবি) মাধ্যমে আনুষ্ঠানিক ভাবে কর্ণফুলী টানেলের খনন কাজ শুরু করা হবে বলেও তিনি জানান।</p>', '1691959821526001.jpg', '1', '2021-02-17', 1, '2021-02-17 10:17:06', '2021-02-17 10:17:06'),
(17, 22, 'মন্ত্রীদের সততার সঙ্গে কাজ করার নির্দেশ প্রধানমন্ত্রীর', 'মন্ত্রীদের-সততার-সঙ্গে-কাজ-করার-নির্দেশ-প্রধানমন্ত্রীর', '<p>সততা ও দক্ষতার সঙ্গে কাজ করতে নতুন মন্ত্রিসভার সদস্যদের নির্দেশ দিয়েছেন প্রধানমন্ত্রী&nbsp; আজ সোমবার তেজগাঁও প্রধানমন্ত্রী কার্যালয়ে অনুষ্ঠিত নতুন প্রথম বৈঠকে এই নির্দেশ দেন শেখ হাসিনা।মন্ত্রিসভার বৈঠকে উদ্বোধনী অধিবেশনে রাষ্ট্রপতি যে ভাষণ দেবেন, তার খসড়া অনুমোদনসহ কয়েকটি আইনের খসড়া অনুমোদন করা হয়েছে। বৈঠক শেষে সচিবালয়ে সংবাদ সম্মেলনে এসব তথ্য জানান মন্ত্রিপরিষদ সচিব শফিউল আলম। তিনি বলেন, প্রধানমন্ত্রী দুর্নীতির বিরুদ্ধে জিরো টলারেন্স দেখানোর কথা বলেছেন। মন্ত্রীদের বলেছেন, কাজ ফেলে রাখা যাবে না, দ্রুত করতে হবে।</p>', '1691959890994515.jpg', '1', '2021-02-17', 1, '2021-02-17 10:18:12', '2021-02-17 10:18:12'),
(18, 22, 'বঙ্গবন্ধু সেতুর পাশে রেলসেতু হবে: রেলমন্ত্রী', 'বঙ্গবন্ধু-সেতুর-পাশে-রেলসেতু-হবে:-রেলমন্ত্রী', '<p>রেলপথমন্ত্রী নূরুল ইসলাম সুজন বলেছেন, বঙ্গবন্ধু সেতুর পাশে আরও একটি ডাবল লাইনের রেলসেতু নির্মাণের উদ্যোগ নেওয়া হয়েছে। জাপানের অর্থায়নে ওই সেতু নির্মিত হবে। এতে করে উত্তরাঞ্চলের সঙ্গে ঢাকার রেল যোগাযোগ আরও সম্প্রসারিত হবে। তিনি আজ মঙ্গলবার দুপুরে দেশের বৃহত্তম সৈয়দপুর রেলওয়ে কারখানা পরিদর্শনে গিয়ে সাংবাদিকদের এ কথা বলেন।মন্ত্রী বলেন, পৃথক রেলপথ মন্ত্রণালয়ের বয়স মাত্র আট বছর। ওই মন্ত্রণালয়ের অধীনে সরকার এরই মধ্যে অনেকগুলো মেগা প্রকল্প গ্রহণ করেছে। ভারতের সহযোগিতায় সৈয়দপুরে আরও একটি রেল কারখানা স্থাপনের উদ্যোগ নেওয়া হয়েছে। সেখানে নতুন নতুন কোচ নির্মাণ করা হবে। ফলে, বিদেশ থেকে আমদানি&ndash;নির্ভরশীলতা কমবে।</p>', '1691959972618971.jpg', '1', '2021-02-17', 1, '2021-02-17 10:19:30', '2021-02-17 10:19:30'),
(19, 11, 'আবদুল বাতেনের মৃত্যুতে প্রধানমন্ত্রীর শোক', 'আবদুল-বাতেনের-মৃত্যুতে-প্রধানমন্ত্রীর-শোক', '<p>আওয়ামী লীগ সভাপতি ও প্রধানমন্ত্রী শেখ হাসিনা এক শোক বিবৃতিতে টাঙ্গাইল-৬ (নাগরপুর-দেলদুয়ার) আসনের সাবেক সংসদ সদস্য বীর মুক্তিযোদ্ধা খন্দকার আবদুল বাতেনের মৃত্যুতে গভীর শোক ও দুঃখ প্রকাশ করেছেন।বিবৃতিতে তিনি মরহুম খন্দকার আবদুল বাতেনের আত্মার মাগফিরাত কামনা এবং তার শোক-সন্তপ্ত পরিবার-পরিজনের প্রতি গভীর সমবেদনা জ্ঞাপন করেন।অপর এক বিবৃতিতে আওয়ামী লীগের সাধারণ সম্পাদক এবং সড়ক পরিবহন ও সেতুমন্ত্রী ওবায়দুল কাদেরও খন্দকার আবদুল বাতেনের মৃত্যুতে গভীর শোক ও দুঃখ প্রকাশ করেন।আবদুল বাতেন সোমবার সকালে রাজধানীর একটি হাসপাতালে চিকিৎসাধীন অবস্থায় ইন্তেকাল করেন (ইন্নালিল্লাহি ওয়াইন্না ইলাইহি রাজিউন)। মৃত্যুকালে তার বয়স হয়েছিল ৮২ বছর। তিনি স্ত্রী, দুই ছেলে, এক মেয়েসহ অসংখ্য আত্মীয়-স্বজন, সহকর্মী ও শুভানুধ্যায়ী রেখে গেছেন।আওয়ামী লীগ দফতর সম্পাদক ড. মো. আবদুস সোবহান মিয়া (গোলাপ) স্বাক্ষরিত বিবৃতিতে এ এ তথ্য জানানো হয়।</p>', '1691960030498146.jpg', '1', '2021-02-17', 1, '2021-02-17 10:20:25', '2021-02-20 04:38:15'),
(20, 11, 'রাজধানীতে ইয়াবা-গাঁজাসহ আটক ৬', 'রাজধানীতে-ইয়াবা-গাঁজাসহ-আটক-৬', '<p>রাজধানীতে ইয়াবা-গাঁজাসহ ৬ জনকে আটক করেছে ঢাকা মহানগর গোয়েন্দা (ডিবি) পুলিশ। রোববার রাতে সবুজবাগ ও যাত্রাবাড়ীতে পৃথক দুই অভিযান চালিয়ে ১০ হাজার পিস ইয়াবা ও ২৫ কেজি গাঁজাসহ তাদের আটক এবং এ কাজে ব্যবহৃত একটি প্রাইভেট কার ও ট্রাক জব্দ করা হয়।এক বিজ্ঞপ্তিতে ডিএমপির মিডিয়া অ্যান্ড পাবলিক রিলেসন্স বিভাগ জানায়, সবুজবাগ থানার বাসাবো খেলার মাঠের বিপরীতে জ্ঞান বিকাশ লাইব্রেরির সামনে একটি প্রাইভেট কারে (ঢাকা মেট্রো গ-২৯-৫২৬৭) তল্লাশিকালে ৩ জনকে জিজ্ঞাসাবাদ করা হয়। এ সময় একটি প্লাস্টিকের বাজারের ব্যাগে চালের মধ্যে কসটেপ দিয়ে মোড়ানো অবস্থায় ১০ হাজার পিস ইয়াবা ট্যাবলেট পাওয়া যায়। এ ঘটনায় জড়িত থাকার দায়ে ওই তিনজনকে গ্রেফতার করা হয়েছে।গ্রেফতারকৃতরা হলেন- মো. সোলায়মান (৩৫), মো. তানজির রহমান জন্টু (২২) ও মো. সাইদুর রহমান (২১)। এ সময় ইয়াবা ট্যাবলেট বহনের কাজে ব্যবহৃত প্রাইভেট কারটিও জব্দ করা হয়। এ ঘটনায় সবুজবাগ থানায় মাদকদ্রব্য নিয়ন্ত্রণ আইনে একটি মামলা হয়েছে।</p>', '1691960154941126.jpg', '1', '2021-02-17', 1, '2021-02-17 10:22:24', '2021-02-20 04:38:11'),
(21, 11, 'রাষ্ট্রপতির ভাষণের খসড়া অনুমোদন', 'রাষ্ট্রপতির-ভাষণের-খসড়া-অনুমোদন', '<p>নির্বাচনের পর একাদশ জাতীয় সংসদের উদ্বোধনী অধিবেশনে রাষ্ট্রপতির ভাষণের খসড়া অনুমোদন দিয়েছে মন্ত্রিসভা।সোমবার প্রধানমন্ত্রীর কার্যালয়ে মন্ত্রিসভার বৈঠকে এ অনুমোদন দেয়া হয়। প্রধানমন্ত্রী শেখ হাসিনা বৈঠকে সভাপতিত্ব করেন।বৈঠক শেষে সচিবালয়ে মন্ত্রিপরিষদ সচিব মোহাম্মদ শফিউল আলম প্রেস ব্রিফিংয়ে এই অনুমোদনের কথা জানান।সংবিধানের ৭৩(২) ধারা অনুযায়ী, সাধারণ নির্বাচনের পর সংসদের প্রথম অধিবেশনের সূচনায় এবং প্রতি বছরের প্রথম অধিবেশনের শুরুতে রাষ্ট্রপতি সংসদে ভাষণ দেন।রাষ্ট্রপতির ভাষণ দুটি ফর্মে তৈরি করা হয়। একটা মূল ভাষণ ও আরেকটা পড়ার জন্য সংক্ষিপ্ত ভাষণ।খসড়া মূল ভাষণে ৭৫ হাজার শব্দ ও সংক্ষিপ্ত ভাষণে ৬ হাজারের মতো শব্দ রয়েছে বলে জানান মন্ত্রিপরিষদ সচিব।</p>', '1691960217752348.jpg', '1', '2021-02-17', 1, '2021-02-17 10:23:24', '2021-02-20 04:38:33'),
(22, 11, 'আওয়ামী লীগ জনগণের আস্থার মর্যাদা রাখবে : প্রধানমন্ত্রী', 'আওয়ামী-লীগ-জনগণের-আস্থার-মর্যাদা-রাখবে-:-প্রধানমন্ত্রী', '<p>প্রধানমন্ত্রী শেখ হাসিনা ৩০ ডিসেম্বরের নির্বাচনে ভোটের মাধ্যমে জনগণের প্রদত্ত আস্থা ও বিশ্বাসের মর্যাদা রক্ষার প্রতিশ্রুতি ব্যক্ত করে সংগঠনের নেতা-কর্মীদের ধৈর্য এবং সংযমের সঙ্গে চলার আহবান জানিয়েছেন। আজ সন্ধ্যায় গণভবনে গোপালগঞ্জের টুঙ্গীপাড়া ও কোটালীপাড়া উপজেলা আওয়ামী লীগ এবং সহযোগী সংগঠনসমূহের নেতাকর্মীদের সঙ্গে মত বিনিময়কালে তিনি এ কথা বলেন।<br />\r\nপ্রধানমন্ত্রী শেখ হাসিনা জোর দিয়ে বলেন, &lsquo;৩০ ডিসেম্বরের নির্বাচনে জনগণ আওযামী লীগের প্রতি যে আস্থা ও বিশ্বাস রেখেছেন তার মর্যাদা রক্ষা করা হবে।&rsquo; আর জনগণের আস্থা ও বিশ্বাসের প্রতি মর্যাদা দেখিয়ে অত্যন্ত ধৈর্য ও সংযমের সাথে চলতে আওযামী লীগের নেতাকর্মীসহ সংশ্লিষ্টদের নির্দেশ দেন শেখ হাসিনা।শেখ হাসিনা বলেন, আওয়ামী লীগের নেতৃত্বাধীন সরকার দেশে ব্যাপক উন্নয়ন করেছে বলেই মানুষ ব্যাপকহারে নৌকায় ভোট দিয়েছে যার ফলে চতুর্থবারের মতো এবং টানা তৃতীয়বারের মতো সরকার গঠন সম্ভব হয়েছে।<br />\r\nজনগণের দেয়া ভোটের মর্যাদা রক্ষার উপর গুরুত্ব আরোপ করে তিনি চলমান উন্নয়ন প্রকল্পগুলো দ্রুত সম্পন্ন করার পাশাপাশি সময়োপযোগী নতুন প্রকল্প গ্রহণের ওপরও জোর দেন।প্রধানমন্ত্রী বলেন, &lsquo;দেশে ব্যাপক উন্নয়ন কাজ চলছে এগুলো শেষ করতে হবে। পাশাপাশি নতুন নতুন উন্নয়ন কাজ শুরু করতে হবে।&rsquo; এ প্রসঙ্গে শেখ হাসিনা বলেন, তিনি জাতির পিতার আদর্শ নিয়ে চলেন এবং তাঁর আদর্শ ও স্বপ্ন বাস্তবায়নের লক্ষ্যেই তিনি কাজ করে যাচ্ছেন। কারণ তাঁর কাজের প্রেরণাই হচ্ছেন তার পিতা বঙ্গবন্ধু এবং বঙ্গমাতা বেগম ফজিলাতুন্নেছা মুজিব।একাদশ জাতীয় সংসদ নির্বাচন নিয়ে বিএনপি নেতৃবৃন্দের নেতিবাচক মন্তব্যের কঠোর সমালোচনা করেন প্রধানমন্ত্রী।তিনি বলেন, ৭৫-এর পর জিয়াউর রহমানের ক্ষমতা দখলকে উচ্চ আদালত অবৈধ ঘোষণা করে। আর তার প্রতিষ্ঠিত দল বিএনপি সে কারণেই অবৈধ হয়ে যায়। সে কারণে জাতিসংঘ ও কমনওয়েলথসহ বিভিন্ন আন্তর্জাতিক সংস্থা তাকে স্বীকৃতি দেয়নি। এদেশে কারচুপির নির্বাচন এবং শিক্ষাঙ্গনে সন্ত্রাসের গোড়াপত্তনকারি হিসেবে জিয়াউর রহমানের নাম উল্লেখ করে শেখ হাসিনা বলেন, জিয়াউর রহমানই ভোট কারচুপির রাজনীতি শুরু করে এবং মেধাবী ছাত্রদের হাতে অস্ত্র তুলে দেয়।নির্বাচনে বিএনপি&rsquo;র ভরাডুবির নেপথ্যে দলটির নেতৃত্বের শূণ্যতাকে অন্যতম একটি কারণ উল্লেখ করে আওয়ামী লীগ সভাপতি বিএনপি চেয়ারপারসন খালেদা জিয়ার এবং তাদের ভারপ্রাপ্ত চেয়ারম্যান তারেক রহমানের আদালত কর্তৃক সাজাপ্রাপ্ত হওয়ার বৃত্তান্ত তুলে ধরেন।</p>', '1691960369125474.jpg', '1', '2021-02-17', 1, '2021-02-17 10:25:48', '2021-02-20 04:38:45'),
(23, 11, 'দুর্নীতি, মাদক ও জঙ্গিবাদ উচ্ছেদ করে শান্তিপূর্ণ বাংলাদেশ প্রতিষ্ঠায় কাজ করার আহ্বান প্রধানমন্ত্রীর', 'দুর্নীতি,-মাদক-ও-জঙ্গিবাদ-উচ্ছেদ-করে-শান্তিপূর্ণ-বাংলাদেশ-প্রতিষ্ঠায়-কাজ-করার-আহ্বান-প্রধানমন্ত্রীর', '<p>প্রধানমন্ত্রী শেখ হাসিনা দুর্নীতি, মাদক এবং জঙ্গিবাদ উচ্ছেদ করে বাংলাদেশকে দক্ষিণ এশিয়ার একটি শান্তিপূর্ণ দেশ হিসেবে প্রতিষ্ঠায় কাজ করে যেতে স্বরাষ্ট্র মন্ত্রণালয়ের কর্মকর্তাদের প্রতি আহবান জানিয়েছেন।তিনি বলেন, &lsquo;আমাদের সমাজ ব্যবস্থায় দুর্নীতি একটি কালো ব্যাধির মত ছেয়ে গেছে। কারণ, যে দেশে সামরিক সরকার ক্ষমতায় আসে তারা প্রথমে সমাজটাকে ধ্বংস করে দেয়। দুর্নীতিটাকেই তারা নীতি হিসেবে নেয় এবং দুর্নীতির সুযোগও সৃষ্টি করে দেয়।&rsquo;শেখ হাসিনা টানা তৃতীয় বার এবং মোট চতুর্তবারের মত সরকার গঠন উপলক্ষ্যে বিভিন্ন মন্ত্রণালয় পরিদর্শনের অংশ হিসেবে আজ সকালে স্বরাষ্ট্র মন্ত্রণালয়ের কর্মকর্তাদের সঙ্গে মত বিনিময়কালে একথা বলেন।<br />\r\nতিনি বলেন, &lsquo;বাংলাদেশে ঋণ খেলাপি থেকে দুর্নীতিবাজ যাদেরকে আমরা দেখি তাদের সৃষ্টি হয় &rsquo;৭৫-এর পর যারা ক্ষমতায় এসেছিল তাদের কাছ থেকে।&rsquo;এ সব কালো ব্যাধি থেকে সমাজকে মুক্ত করার লক্ষ্যেই তাঁর সরকার কাজ করে যাচ্ছে উল্লেখ করে এটি এখন সময়ের প্রয়োজন এবং তার জন্য যা যা করণীয় তাঁর সরকার করে যাবে, বলেন তিনি।প্রধানমন্ত্রী বলেন, &lsquo;একটি দেশকে যদি আমরা উন্নত করতে যাই তাহলে মাদক, সন্ত্রাস, জঙ্গিবাদ এবং দুর্নীতির হাত থেকে দেশকে মুক্ত করতে হবে।&rsquo;স্বরাষ্ট্র মন্ত্রী আসাদুজ্জামান খান কামাল এবং মন্ত্রণালয়ের সচিব মোস্তফা কামাল উদ্দিন অনুষ্ঠানে বক্তৃতা করেন। এ সময় মন্ত্রণালয়ের উর্ধ্বতন কর্মকর্তাবৃন্দ এবং বিভিন্ন সংস্থা এবং দপ্তরের প্রধানগণ উপস্থিত ছিলেন।অতীতে দেশে জঙ্গিবাদ তথা বাংলাভাই সৃষ্টিতে সে সময়কার সরকারের (বিএনপি-জামায়াত) একটি প্রচ্ছন্ন মদদ ছিল উল্লেখ করে তিনি বলেন, &lsquo;তারা (জঙ্গিরা) মিছিল করছে আর পুলিশ তাদের পাহারা দিচ্ছে। এরকম দুঃখজনক ঘটনাও আমরা বাংলাদেশে দেখেছি। আর মাদকতো ঘরে ঘরে ছড়িয়ে দেয়া হয়।সমাজে অপরাধ প্রবণতার হার কমিয়ে আনার জন্য অপরাধ দমনের পাশাপাশি তাদের অপরাধ সংগঠনের কারণ খুঁজে বের করা এবং তাঁর প্রতিকারের প্রতি দৃষ্টি দেওয়ার জন্যও স্বরাষ্ট্র মন্ত্রণালয়ের কর্মকর্তাদের আহ্বান জানান প্রধানমন্ত্রী।তিনি বলেন, &lsquo;অপরাধের সঙ্গে সংশ্লিষ্টদেরকে শান্তি দিলেই যে অপরাধ দমন হয়ে যাবে তা নয় বরং তাদের সমাজে সুস্থ জীবন দিয়ে ফিরিয়ে আনতে পারাটাও অনেক গুরুত্বপূর্ণ।&rsquo;</p>', '1691960410784638.jpg', '1', '2021-02-17', 1, '2021-02-17 10:26:28', '2021-02-20 04:38:40'),
(24, 13, 'রোহিঙ্গা সংকট মোকাবিলায় বাংলাদেশের সাথে কাজ করব : ইয়াংহী লী', 'রোহিঙ্গা-সংকট-মোকাবিলায়-বাংলাদেশের-সাথে-কাজ-করব-:-ইয়াংহী-লী', '<p>সফরত মিয়ানমারের মানবাধিকার পরিস্থিতি বিষয়ক জাতিসংঘের বিশেষ র&zwnj;্যাপোর্টিয়ার ইয়াংহী লী আজ আশা প্রকাশ করেছেন যে, রোহিঙ্গা সংকট মোকাবিলায় তার কার্যালয় বাংলাদেশের পররাষ্ট্রমন্ত্রীর কার্যালয়ের সাথে সহযোগিতা ও একসাথে কাজ করবে।আজ রোববার বিকালে ঢাকায় পররাষ্ট্রমন্ত্রী ড. এ কে আবদুল মোমেনের সাথে তার কার্যালয়ে বৈঠক শেষে তিনি এসব কথা বলেন।ইয়াংহী লী গতকাল থাইল্যান্ড থেকে ঢাকায় পৌঁছেন এবং মিয়ানমার থেকে বলপূর্বক বাস্তুচ্যুত রোহিঙ্গাদের অবস্থা দেখার জন্য আগামীকাল কক্সবাজার সফর করবেন।<br />\r\nতিনি আগামী মার্চ মাসে তার তথ্য ও প্রতিবেদন মানবাধিকার কাউন্সিলের সভায় উপস্থাপন করবেন বলে জেনেভা থেকে প্রাপ্ত খবরে জানা গেছে।এদিকে, মিয়ানমার সরকার জাতিসংঘের বিশেষ র&zwnj;্যাপোর্টিয়ার-এর সাথে সহযোগিতা না করতে এবং সেদেশে প্রবেশের অনুমতি না দেওয়ার সিদ্ধান্তে অনঢ় রয়েছে।</p>', '1691960543200359.jpg', '1', '2021-02-17', 1, '2021-02-17 10:28:34', '2021-02-20 04:40:48'),
(25, 12, 'সংকট সমাধানে ছাড় দেয়ার প্রস্তাব ট্রাম্পের', 'সংকট-সমাধানে-ছাড়-দেয়ার-প্রস্তাব-ট্রাম্পের', '<p>মার্কিন প্রেসিডেন্ট ডোনাল্ড ট্রাম্প চলমান সংকট সমাধানে কিছু ছাড় দেয়ার প্রস্তাব করেছেন।<br />\r\nশনিবার হোয়াইট হাউস থেকে দেয়া বক্তব্যে ট্রাম্প মেক্সিকো সীমান্তে দেয়াল নির্মাণে অর্থায়নের বিনিময়ে ১০ লাখ অভিবাসন প্রত্যাশীদের ফেরত না পাঠিয়ে সাময়িকভাবে তাদের যুক্তরাষ্ট্রে থাকতে দেয়ার প্রস্তাব রেখেছেন। তবে কংগ্রেসের কাছে রাখা প্রস্তাবটি ডেমোক্র্যাট সদস্যরা প্রত্যাখ্যান করেছে।সরকারের সেবা কার্যক্রমে আংশিক অচলাবস্থা থেকে বেরিয়ে আসতে ট্রাম্পের প্রস্তাবটি প্রত্যাখিত হওয়ায় যুক্তরাষ্ট্র সরকারের চলমান সংকটটি বহাল থাকল।খবর বার্তা সংস্থা এএফপি&rsquo;র।সরকারের সেবা খাতের এই অচলাবস্থা ২৯তম দিনে পড়েছে।অর্থায়ন বন্ধ থাকায় সরকারের অনেক গুরুত্বপূর্ণ বিভাগে কর্মীদের বিনা বেতনে কাজ কিংবা অনেককে ছাঁটাই করতে হচ্ছে।<br />\r\nট্রাম্প বলেন, প্রায় ১০ লাখ অভিবাসীর বহিষ্কারের হুমকি তিনি প্রত্যাহার করে নেবেন। বৈধ কাগজপত্র ছাড়া যে তরুণরা যুক্তরাষ্ট্রে অবস্থান করছে, তারাও এর আওতায় পড়বে।কিন্তু ট্রাম্প মেক্সিকো সীমান্তে দেয়াল নির্মাণের অবস্থান থেকে সরে আসেননি। তিনি সেজন্য যে ৫শ ৭০ কোটি মার্কিন ডলার চেয়েছিলেন, সমঝোতার প্রস্তাবেও তার সেই দাবি বহাল রয়েছে। ট্রাম্পের প্রস্তাবকে অগ্রহণযোগ্য বলেছে ডেমোক্র্যাটরা।ট্রাম্প তার প্রস্তাবে দুই ধরনের অভিবাসন প্রত্যাশীদের সুরক্ষার কথা তুলে ধরেন।ট্রাম্পের প্রস্তাবিত এই নিরাপত্তা বলয়ের মধ্যে কথিত সাত লাখ &lsquo;ড্রিমার&rsquo; অর্থাৎ যুক্তরাষ্ট্রে অবৈধভাবে বাস করা দম্পতিদের অপ্রাপ্ত বয়স্ক সন্তানরাও আছে। ডেমোক্র্যাটরা এদের বহিষ্কারের ঘোর বিরোধী।পাশাপাশি ট্রাম্প তার এই প্রস্তাবে আরো তিন লাখ অভিবাসন প্রত্যাশী, যারা সুরক্ষিত বলয় থেকে বেরিয়ে যাচ্ছেন তাদেরকেও নিরাপত্তা বলয়ের মধ্যে আনা হবে বলে জানিয়েছেন।মার্কিন প্রেসিডেন্ট বলেন, এটা &lsquo;আমাদের পরস্পরের মধ্যে আস্থা গড়ে তুলবে। একটি প্রকৃত ও টেকসই অভিবাসন নীতি সংস্কারের জন্য সদিচ্ছা জরুরি।&rsquo;</p>', '1691960594683418.jpg', '1', '2021-02-17', 1, '2021-02-17 10:29:23', '2021-02-17 10:29:23'),
(26, 12, 'জাপানে বিশ্বের সবচেয়ে বয়স্ক ব্যক্তির মৃত্যু', 'জাপানে-বিশ্বের-সবচেয়ে-বয়স্ক-ব্যক্তির-মৃত্যু', '<p>জাপানে বিশ্বের সবচেয়ে বয়স্ক ব্যক্তি মাসাজো নোনাকা রোববার মারা গেছেন। তার বয়স হয়েছিল এক&rsquo;শ ১৩ বছর।<br />\r\nজাপানের সংবাদ মাধ্যমে এ খবর প্রকাশিত হয়েছে। খবর এএফপি&rsquo;র।গিনেস ওয়ার্ল্ড বুকের রেকর্ড অনুযায়ী মানবেতিহাসে যে বছর রাইট ভ্রাতৃদ্বয় প্রথম বিমান উড়িয়েছিলেন তার দুই বছর পর ১৯০৫ সালের জুলাইয়ে মাসাজো নোনাকার জন্ম। এছাড়া তার জন্মের মাত্র কয়েকমাস আগে বিখ্যাত বিজ্ঞানী আইনস্টাইন তার আপেক্ষিকতার তত্ত্ব প্রকাশ করেন।গত বছর স্পেনিয়ার্ড ফ্রান্সিসকো নুনেজ অলিভেরার মৃত্যুর পর গিনেস বুকে আনুষ্ঠানিকভাবে মাসাজোর নাম ওঠে।কিউদো নিউজকে তার নাতনী ইয়োকো বলেন, &lsquo;তাকে হারিয়ে আমরা মর্মাহত। তিনি আমাদের পরিবারকে অকারণ ব্যতিব্যস্ত না করেই চলে গেছেন।&rsquo;মাসাজোর ছয় ভাই ও এক বোন।তিনি ১৯৩১ সালে বিয়ে করেন এবং পাঁচ সন্তানের জনক হন।</p>', '1691960640494205.jpg', '1', '2021-02-17', 1, '2021-02-17 10:30:07', '2021-02-17 10:30:07'),
(27, 12, 'সিটবেল্ট ছাড়া গাড়ি চালাচ্ছিলেন ব্রিটেনের প্রিন্স ফিলিপ', 'সিটবেল্ট-ছাড়া-গাড়ি-চালাচ্ছিলেন-ব্রিটেনের-প্রিন্স-ফিলিপ', '<p>গাড়ি দুর্ঘটনা থেকে বেঁচে যাওয়ার মাত্র দু&rsquo;দিন পর ব্রিটেনের প্রিন্স ফিলিপকে সিটবেল্ট ছাড়া গাড়ি চালাতে দেখা গেছে। এ কারণে পুলিশ তাকে প্রয়োজনীয় কিছু উপদেশ দিয়েছে।রোববার পত্রিকায় প্রকাশিত একটি ছবিতে দেখা গেছে প্রিন্স ফিলিপ রাণীর ব্যক্তিগত স্যান্ডিনগ্রাম এস্টেটে সিট বেল্ট না বেঁধেই নতুন ল্যান্ড রোভার ফ্রিল্যান্ডার চালাচ্ছেন।নোরফক কন্সটাবুলারির একজন মুখপাত্র বলেন, শনিবারের তোলা ছবির বিষয়ে সতর্ক হয়ে পুলিশ বাহিনী ফিলিপকে প্রয়োজনীয় কিছু কথা বলেছেন।এদিকে রাণী দ্বিতীয় এলিজাবেথের স্বামী ফিলিপ (৯৭) মাত্র দুদিন আগে বৃহস্পতিবার গাড়ি দুর্ঘটনায় পড়েন। তবে তিনি অক্ষত ছিলেন। ইংল্যা-ের পূর্বাঞ্চলে নোরফকে কাউন্টি বাসভবনের কাছে প্রিন্সের গাড়ি দুর্ঘটনা ঘটে। তার ফ্রিল্যান্ডারটি উল্টে যায়। অপর গাড়িটিতে দুই নারী ও নয় মাস বয়সী এক শিশু ছিল। এই দুর্ঘটনায় অন্য গাড়ির দুই নারী সামান্য আহত হন। হাতে আঘাত লাগে।</p>', '1691960684884792.jpg', '1', '2021-02-17', 1, '2021-02-17 10:30:50', '2021-02-17 10:30:50'),
(28, 12, 'মেক্সিকোতে জ্বালানি পাইপলাইনে অগ্নিকান্ডে অন্তত ৭৩ জনের মৃত্যু', 'মেক্সিকোতে-জ্বালানি-পাইপলাইনে-অগ্নিকান্ডে-অন্তত-৭৩-জনের-মৃত্যু', '<p>মেক্সিকোর মধ্যাঞ্চলে একটি জ্বালানি পাইপ লাইনে বিস্ফোরণে অন্তত ৭৩ জন মারা গেছে। কয়েকশ লোক একটি জ্বালানি লাইন থেকে অবৈধভাবে গ্যাসোলিন সংগ্রহ করার সময় এই বিস্ফোরণ ঘটে। কর্মকর্তারা একথা জানান।<br />\r\nহিদালগো অঙ্গরাজ্যের গভর্নর ওমর ফায়াদ বলেন, আরো পাঁচটি লাশ উদ্ধারের পর মৃতের সংখ্যা বেড়ে ৭৩ জনে দাঁড়িয়েছে।<br />\r\nতিনি আরো বলেন, তাহুয়েলিলপানের কাছে এই বিস্ফোরণে ৭৪ জন গুরুতর আহত হয়েছে। মেক্সিকো সিটির উত্তরে অবস্থিত শহরটিতে ২০ হাজার লোকের বাস।খবর এএফপি&rsquo;র।বাতাসে জ্বালানির কটু গন্ধ ছড়িয়ে পড়েছে।ময়নাতদন্ত কর্মীরা ভ্যানে করে লাশগুলো লাশকাটা ঘটে নিয়ে যাওয়া শুরু করলে প্রায় ৩০ জন গ্রামবাসী তাদের বাধা দেয়ার চেষ্টা চালায়। তাদের কাছে ময়নাদতন্তের ঘর অনেক ব্যয়বহুল। তাই আত্মীয়দের লাশ তাদের কাছে দিতে বলে।কর্তৃপক্ষ জানায়, লাশগুলো মর্গে নিয়ে যাওয়া হয়েছে।ডিফেন্স সেক্রেটারি লুইস ক্রেস্কেনসিও সান্ডোভাল সাংবাদিকদের বলেন, শুক্রবার যখন কর্তৃপক্ষ জ্বালানি পাচারকারীদের চুরির কথা জানতে পারে তখন সেনাবাহিনীর প্রায় ২৫ সদস্যের একটি ইউনিট ঘটনাস্থলে পৌঁছে ওই এলাকা অবরোধ করে।ত সৈন্যরা আনুমানিক ৭শ&rsquo; বেসামরিক লোককে সামাল দিতে ব্যর্থ হয়। তারা পরিবারের সদস্যসহ তেল চুরি করতে আসে।প্রত্যক্ষদর্শীরা জানায়, বালতি ও ক্যানে করে গ্যাসোলিন চুরি করা হচ্ছে।<br />\r\nসান্ডোভাল বলেন, সশস্ত্র বাহিনী সংঘর্ষ এড়াতে পাইপলাইন থেকে দূরে সরে যায়। তখন বিস্ফোরণ ঘটে।প্রথমবার ছিদ্র করার প্রায় দুই ঘন্টা পর বিস্ফোরণ ঘটে।মেক্সিকোর প্রেসিডেন্ট আন্দ্রেস ম্যানুয়েল লোপেজ অব্রাদোর শনিবার ভোরে ঘটনাস্থল পরিদর্শন করেছেন। এই বামপন্থী মাত্র দুই সপ্তাহ আগে ক্ষমতা গ্রহণ করেছেন।তিনি সৈন্যদের দোষ দেননি।তিনি বলেন, &lsquo;সৈন্যরা ঠিকই করেছে। বিপুল সংখ্যক মানুষকে নিয়ন্ত্রণ করা সহজ নয়।&rsquo;তিনি তেল চুরির ক্রমবর্ধমান এই সমস্যার বিরুদ্ধে লড়াই চালিয়ে যাওয়ার অঙ্গীকার করেছেন।</p>', '1691960745605922.jpg', '1', '2021-02-17', 1, '2021-02-17 10:31:47', '2021-02-17 10:31:47'),
(29, 12, 'কলম্বিয়ায় পুলিশ একাডেমিতে হামলার দায়িত্ব স্বীকার বিদ্রোহীদের', 'কলম্বিয়ায়-পুলিশ-একাডেমিতে-হামলার-দায়িত্ব-স্বীকার-বিদ্রোহীদের', '<p>কলম্বিয়ার বামপন্থী ইএলএন বিদ্রোহীরা বোগোটার পুলিশ একাডেমিতে বোমা হামলার দায়িত্ব স্বীকার করেছে। ওই হামলায় ২০ জন নিহত হয়েছে। এদের মধ্যে হামলাকারীও রয়েছে।খবর বার্তা সংস্থা এএফপি&rsquo;র।এই হামলার ফলে কিউবায় অনুষ্ঠেয় শান্তি আলোচনা ভন্ডুল হয়ে গেল।ন্যাশনাল লিবারেশন আর্মির ওয়েবসাইটে সোমবার প্রকাশিত এক বিবৃতিতে বলা হয়, &lsquo;স্থাপনা ও সৈন্যদের ওপর চালানো এ হামলা বৈধ। যুদ্ধের আইনে এ ধরনের হামলার বৈধতা রয়েছে। এতে লড়াইরতদের বাইরে কেউ নিহত হয়নি।&rsquo;</p>', '1691960817552390.jpg', '1', '2021-02-17', 1, '2021-02-17 10:32:56', '2021-02-17 10:32:56'),
(30, 12, 'সরকারি কার্যক্রম বন্ধের বিষয়ে বড়ো ধরণের ঘোষণা ট্রাম্পের', 'সরকারি-কার্যক্রম-বন্ধের-বিষয়ে-বড়ো-ধরণের-ঘোষণা-ট্রাম্পের', '<p>মার্কিন প্রেসিডেন্ট ডোনাল্ড ট্রাম্প বেশকিছু দিন ধরে দেশটির সরকারি কার্যক্রম বন্ধ এবং দক্ষিণাঞ্চলীয় সীমান্ত পরিস্থিতি নিয়ে শনিবার বড়ো ধরণের ঘোষণা দেবেন। খবর এএফপি&rsquo;র।খবরে বলা হয়, যুক্তরাষ্ট্রে আংশিকভাবে বন্ধ থাকা সরকারি কার্যক্রম শনিবার পঞ্চম সপ্তাহে প্রবেশ করেছে। ট্রাম্প তার পরিকল্পিত সীমান্ত দেয়াল নির্মাণের জন্য কোন অর্থ বরাদ্দ না দেয়ায় বাজেট বিলে স্বাক্ষর করতে অস্বীকৃতি জানানোয় এ অচলাবস্থা শুরু হয়।বিস্তারিত উল্লেখ না করে এক টুইটার বার্তায় ট্রাম্প বলেন, &lsquo;আমি কাল বিকেল ৩টায় হোয়াইট হাউস থেকে সরাসরি আমাদের দক্ষিণাঞ্চলীয় সীমান্তে উদ্বেগজনক মানবিক সংকট ও সরকারি কার্যক্রম স্থবির হয়ে পড়ার ব্যাপারে গুরুত্বপূর্ণ ঘোষণা দেব।&rsquo;<br />\r\nএদিকে ট্রাম্প কংগ্রেসকে এড়িয়ে সীমান্ত দেয়াল নির্মাণের অর্থ পেতে দক্ষিণাঞ্চলীয় সীমান্তে জরুরি অবস্থা জারি করার কথা ভাবছেন।</p>', '1691960926543468.jpg', '1', '2021-02-17', 1, '2021-02-17 10:34:40', '2021-02-17 10:34:40'),
(31, 31, 'শীতে সারা’র বাহারি আয়োজন', 'শীতে-সারা’র-বাহারি-আয়োজন', '<p>শীতকাল মানেই ফ্যাশন আর উষ্ণতার মিশ্রণে বাহারি পোশাকের নতুন সমারোহ। এই দিকটি মাথায় রেখে ফ্যাশন হাউস সারা এবার নিয়ে এসেছে সাশ্রয়ী দামে উন্নত মানের শীতের পোশাক। প্রায় ৭৫ রকমের জ্যাকেটর পাশাপাশি সারার আউটলেটে এবং অনলাইনে মিলছে শীতের পোশাক।সারার শীতের আয়োজনে প্রাপ্তবয়স্কদের পাশাপাশি রয়েছে শিশুদের জন্য বিশেষ ডিজাইনের পোশাক। শীতের এসব পোশাকের মধ্যে রয়েছে ছেলে ও মেয়েদের বোম্বার জ্যাকেট, কুইল্টেট ভেস্ট, পাফার জ্যাকেট, বিভিন্ন রকম হুডি, ছেলেদের ক্যাজুয়াল ব্লেজার, ফ্ল্যানেল শার্ট ও স্কার্ফ, কিডস পাফার জ্যাকেট এবং কিডস হুডি। এসব পোশাকের দাম থাকছে ৫০০ টাকা থেকে ২ হাজার টাকার মধ্যে।</p>', '1691960989469667.jpg', '1', '2021-02-17', 1, '2021-02-17 10:35:40', '2021-02-17 10:35:40'),
(32, 31, '‘নতুন আইডিয়ার জন্য বিয়ের উৎসবে আসা’', '‘নতুন-আইডিয়ার-জন্য-বিয়ের-উৎসবে-আসা’', '<p>আর কয়েক দিন পরই আফরোজা শারমিনের বোনের মেয়ের বিয়ে। বিয়ের সবকিছু একদম ঠিকঠাক করতে নানা প্রস্তুতি নিচ্ছেন পরিবারের সদস্যরা। এর আগে এক আত্মীয়ের বিয়েতে আলোকচিত্রী দিয়ে তোলা সব ছবি নষ্ট হয়েছিল। সবারই খুব মন খারাপ হয়েছিল। এবার যেন কোনো ভুল না হয়, সে জন্যই তাঁর বিয়ে উৎসবে আসা।</p>', '1691961029237711.jpg', '1', '2021-02-17', 1, '2021-02-17 10:36:18', '2021-02-17 10:36:18'),
(33, 31, 'লঙ্কা রাজ্যে', 'লঙ্কা-রাজ্যে', '<p>পাহাড়ের গা ঘেঁষে ট্রেন চলছে। সমুদ্রপৃষ্ঠ থেকে প্রায় তিন হাজার ফুটের সে পাহাড় উঠে গেছে আরও হাজার ফুট ওপরে। অন্য পাশে পাহাড়ের ঢাল, নেমে গেছে বহুদূরের সমতলে। যেখানে জনপদের শুরু। সেই ক্ষুদ্র ক্ষুদ্র জনবসতির ওপারে আবার পাহাড়ের সারি। সবুজ পাহাড়, নীল পাহাড়। চলতি ট্রেনেই কখনো দেখা মিলছে পাহাড়ের ঢালে থরে থরে সাজানো চা&ndash;বাগান, কখনো আকাশচুম্বী গাছের রেইনফরেস্ট বা বৃিষ্টপ্রধান বনভূমি। কিছুক্ষণ পরে চোখের নিমেষে সেই অরণ্য ঢাকা পড়ছে গাঢ় মেঘের চাদরে। জানালা দিয়ে মাথা বাড়িয়ে আর দেখা যাচ্ছে না ট্রেনের পেছনের অংশ।</p>', '1691961065485588.jpg', '1', '2021-02-17', 1, '2021-02-17 10:36:52', '2021-02-17 10:36:52'),
(34, 31, 'কিশোরের স্টাইলিশ চুল', 'কিশোরের-স্টাইলিশ-চুল', '<p>অভিভাবকেরা অনেকেই ভাবতে পারেন, আজকের কিশোরেরা বেশির ভাগ &lsquo;ফ্যাশন ভিকটিম&rsquo;। তবে তা সব ক্ষেত্রে সত্যি নয়। আমাদের মনে রাখতে হবে, ওরাই আমাদের নতুন প্রজন্ম। নতুন যেকোনো কিছুকে গ্রহণ করতে উঠতি বয়সীরাই থাকেন সব সময় এগিয়ে। আজকের আধুনিক পৃথিবীর ধারক ও বাহক ওরাই। পোশাক ও হেয়ারস্টাইলেও কিশোর বয়সীরা থাকতে চায় চলতি ধারায়। অল্প বয়সের এই ফ্যাশন&ndash;ভাবনাকে নেতিবাচকভাবে দেখা ঠিক নয়, বরং একজন স্টাইলিশ কিশোর হয়ে উঠতে পারে সামনের দিনের সম্ভাবনাময় ব্যক্তিত্ব।</p>', '1691961121803975.jpg', '1', '2021-02-17', 1, '2021-02-17 10:37:46', '2021-02-17 10:37:46'),
(35, 31, 'ঘুমের আগে ত্বকের যত্ন', 'ঘুমের-আগে-ত্বকের-যত্ন', '<p>সারা দিনের কাজ সেরে প্রশান্তির ঘুম। কিন্তু ভোরে ঘুম ভেঙে মুখ-হাত ধোয়ার খানিক পর হয়তো দেখা গেল, ত্বকটা ভীষণ শুষ্ক, চুলগুলো নিষ্প্রাণ। দিনের কাজের শুরুতেই অস্বস্তি। শীতের রাতে হুট করে ঘুমিয়ে পড়লে পরদিন সকালে এমন পরিস্থিতিতে পড়তেই পারেন। তাই সারা দিন পরিশ্রমের পর ঘুমের আগে অল্প একটু সময় বরাদ্দ রাখুন নিজের জন্যে। যত্ন নিন নিজের। ত্বকের যত্নের অভ্যাসগুলো রপ্ত করে ফেললে রোজকার জীবনে এই কাজগুলোকে বাড়তি ঝামেলা বলে মনে হবে না। শীতের কটা দিন নিয়মিত এমন সু-অভ্যাস বজায় রাখলে ত্বক ও চুল সুস্থ রাখতে গিয়ে খুব একটা ঝক্কিতে পড়তে হবে না।বিন্দিয়া এক্সক্লুসিভ বিউটি কেয়ারের রূপবিশেষজ্ঞ শারমিন কচি জানালেন সেসব সু-অভ্যাসের কথা&mdash;<strong>মুখের ত্বকের জন্য</strong>শীতের রাতে ঘুমাতে যাওয়ার আগে অবশ্যই ত্বক পরিষ্কার করে নেওয়া প্রয়োজন বলে জানালেন শারমিন কচি। ত্বক পরিষ্কার করার জন্য প্রথমে অলিভ অয়েল বা বেবি অয়েল দিয়ে মুখ ভালো করে ম্যাসাজ করে নিতে হবে। এরপর কুসুম গরম পানিতে কাপড় ভিজিয়ে মুখটা মুছে ফেলুন। পরে ভালো কোনো ফেসওয়াশ দিয়ে মুখ ধুয়ে ফেলুন।</p>', '1691961167258205.jpg', '1', '2021-02-17', 1, '2021-02-17 10:38:29', '2021-02-17 10:38:29'),
(36, 17, 'ব্ল্যাকহোল নাকি সুপারনোভা?', 'ব্ল্যাকহোল-নাকি-সুপারনোভা?', '<p>এখন পর্যন্ত কোনো ব্ল্যাক হোল বা কৃষ্ণগহ্বরের ছবি পাওয়া যায়নি। কিন্তু এবারে নাসার টেলিস্কোপ ব্যবহার করে একদল আন্তর্জাতিক জ্যোতির্বিদ প্রথমবারের মতো একটি নক্ষত্র ধসে জটিল বস্তু গঠিত হওয়ার ছবি তুলতে সক্ষম হয়েছেন। অবশ্য নক্ষত্র ধসে তৈরি হওয়া বস্তুটি নিউট্রন তারা নাকি কৃষ্ণগহ্বর তা নিয়ে বিতর্ক তৈরি হয়েছে। ইন্দো এশিয়ান নিউজ সার্ভিসের এক প্রতিবেদনে এ তথ্য জানানো হয়।নাসার এক বিবৃতিতে বলা হয়, যুক্তরাষ্ট্রের হাওয়াইতে অবস্থিত মহাকাশ গবেষণা প্রতিষ্ঠান নাসার অ্যাস্ট্রেরয়েড টেরেস্ট্রিয়াল-ইম্প্যাক্ট লাস্ট অ্যালার্ট সিস্টেম টেলিস্কোপে গত বছরের ১৬ জুন রাতের আকাশে সংক্ষিপ্ত ও অস্বাভাবিক ওই বিস্ফোরণ ধরা পড়ে।</p>', '1691961335013205.jpg', '1', '2021-02-17', 1, '2021-02-17 10:41:09', '2021-02-20 05:00:19'),
(37, 17, 'অবশেষে জানা গেল শনির দিন কত বড়', 'অবশেষে-জানা-গেল-শনির-দিন-কত-বড়', '<p>শনিতে দিনের দৈর্ঘ্য কত? আমাদের সৌরজগতের এ গ্রহটির দিনের দৈর্ঘ্য নিয়ে এত দিন ধন্দ ছিলেন জ্যোতির্বিজ্ঞানীরা। অবশেষে এ রহস্যের সমাধান হয়েছে। তথ্য বিশ্লেষক করে যুক্তরাষ্ট্রের মহাকাশ গবেষণা প্রতিষ্ঠান নাসার গবেষকেরা জানতে পেরেছেন, গ্রহটিতে ১০ ঘণ্টা ৩৩ মিনিট ৩৮ সেকেন্ডে এক দিন হয়। চূড়ান্ত সময় নির্ধারণের জন্য নাসার ক্যাসিনি মহাকাশযানের পাঠানো তথ্য বিশ্লেষণ করেছেন গবেষকেরা।গবেষকেরা বলেন, শনি গ্রহে দিনের প্রকৃত দৈর্ঘ্য বের করা কঠিন ছিল কারণ গ্যাসীয় গ্রহটিতে কোনো কঠিন পৃষ্ঠ নেই। এ ছাড়া এমন কোনো চিহ্ন নেই যা দেখে গ্রহটির প্রদক্ষিণ হওয়ার বিষয়টি বোঝা যাবে। এর বাইরে গ্রহটির বিশাল চৌম্বক ক্ষেত্র এর ঘূর্ণনের হার দেখার ক্ষেত্রে সমস্যা তৈরি করে রেখেছিল।</p>', '1691961396167375.jpg', '1', '2021-02-17', 1, '2021-02-17 10:42:08', '2021-02-20 05:00:14'),
(38, 17, 'শেয়ারবাজারে ব্যর্থ হয়ে আউটসোর্সিংয়ে সফল', 'শেয়ারবাজারে-ব্যর্থ-হয়ে-আউটসোর্সিংয়ে-সফল', '<p>স্বপ্ন তো সবাই দেখে। কারও স্বপ্ন রূপ পায় সাফল্যে, আবার কারও স্বপ্ন অধরাই থেকে যায়। স্বপ্ন বাস্তবে রূপ দিতে পারেন তাঁরা, যাঁদের মধ্যে রয়েছে মেধা, অধ্যবসায় ও পরিশ্রম। এমনই একজন ফ্রিল্যান্সার শরিফুল ইসলাম। যিনি প্রিন্ট ডিজাইনে পেয়েছেন সেরা হওয়ার স্বীকৃতি। ২০১৬ সালে সেরা ৩৮২ এনভাটো অথোরদের একজন। আউটসোর্সিং কাজের জন্য ক্রিয়েটিভ অনলাইন বাজারে (মার্কেটপ্লেস) হয়েছেন ২০১৭ সালের সেরা হ্যান্ডপিক আইটেম অথোরদের একজন। ২০১৮ সালে আমন্ত্রণ পেয়েছেন বিশ্বখ্যাত অ্যাডবি স্টক মার্কেটেও। শরিফুলের প্রথম আয় ছিল ৬২ ডলার। এখন মাসে ২ হাজারের বেশি ডলার আয় করেন তিনি।<strong>শুরুর গল্প&nbsp;</strong>রাজধানীর শনির আখড়ায় থাকেন শরিফুল ইসলাম। জাতীয় বিশ্ববিদ্যালয় থেকে স্নাতকোত্তর শেষ করেছেন। বাবা-মা ও ছোট বোনকে নিয়েই ছোট পরিবার। আর পরিবারের বড় ছেলে শরিফুল। বন্ধুবান্ধব যখন চাকরিতে ব্যস্ত, শরিফুল তখন ফ্রিল্যান্সিং করা শুরু করেছেন। শিখেছেন কম্পিউটার গ্রাফিকস। এমন কাণ্ড দেখে খেপে গেলেন বাবা শাহাব উদ্দিন। কোনো কাজকর্ম নেই? শুধু বাসায় বসে বসে কম্পিউটারে সারা দিন-রাত জেগে কী করো? এসব বলেই শরিফুলের বাবা কম্পিউটারসহ যাবতীয় যন্ত্র ভেঙে ফেলেন।</p>', '1691961434736376.jpg', '1', '2021-02-17', 1, '2021-02-17 10:42:45', '2021-02-20 05:00:09'),
(39, 17, 'জাকারবার্গকে নিয়ে নতুন চলচ্চিত্র?', 'জাকারবার্গকে-নিয়ে-নতুন-চলচ্চিত্র?', '<p>ফেসবুক ও এর প্রতিষ্ঠাতা মার্ক জাকারবার্গ এ সময়ের আলোচিত বিষয়। সাধারণত চলচ্চিত্র প্রযোজকেরা বাস্তব ঘটনা অবলম্বনে চলচ্চিত্র নির্মাণে কিছুটা সময় নেন। কিন্তু ভালো গল্প হাতের নাগালে পেলে এখন আর তাঁরা খুব বেশি অপেক্ষায় থাকতে চান না। এ রকম একটি উদাহরণ হচ্ছে ২০১০ সালে মুক্তি পাওয়া &lsquo;দ্য সোশ্যাল নেটওয়ার্ক&rsquo; চলচ্চিত্রটি। ছবিটি ফেসবুক প্রতিষ্ঠার প্রাথমিক দিনগুলো ও ফেসবুক প্রতিষ্ঠাতা মার্ক জাকারবার্গকে ঘিরে তৈরি। এর চিত্রনাট্য লিখেছিলেন অ্যারন সরকিন। এতে অভিনয় করেছিলেন জেসি ইজেনবার্গ।সম্প্রতি অ্যাসোসিয়েটেড প্রেসকে দেওয়া এক সাক্ষাৎকারে অ্যারন সরকিন বলেন, &lsquo;দ্য সোশ্যাল নেটওয়ার্ক&rsquo; চলচ্চিত্রটির সম্ভাব্য সিক্যুয়েল নির্মাণের জন্য এর প্রযোজক স্কট রুডিন প্রস্তাব দিয়েছেন। এখনো বিষয়টি চূড়ান্ত হয়নি। তবে তিনি মনে করেন, এখনই ছবিটির সিক্যুয়েল তৈরির উপযুক্ত সময়। এর আগে &lsquo;দ্য সোশ্যাল নেটওয়ার্ক&rsquo; ছবিটি বাণিজ্যিকভাবে সফল হওয়ার পাশাপাশি সমালোচকদেরও প্রশংসা পেয়েছিল।</p>', '1691961482495412.jpg', '1', '2021-02-17', 1, '2021-02-17 10:43:30', '2021-02-20 05:00:05'),
(40, 17, 'গাড়ির চেয়ে বাইক ব্যবসায় বেশি মনোযোগ দিচ্ছে উবার', 'গাড়ির-চেয়ে-বাইক-ব্যবসায়-বেশি-মনোযোগ-দিচ্ছে-উবার', '<p>অ্যাপভিত্তিক পরিবহনসেবা উবারকে গাড়িসেবার জন্যই বেশি চেনে মানুষ। কিন্তু উবার তাদের লক্ষ্যে কিছু পরিবর্তন আনছে। তারা জোর দিচ্ছে ইলেকট্রিক স্কুটার আর বাইক ব্যবসার ওপর। ব্যবসার গতিপথ বদলে ফেললে মুনাফা ক্ষতিগ্রস্ত হতে পারে&mdash;এমন আশঙ্কার পরেও নতুন লক্ষ্য নির্ধারণ করেছে প্রতিষ্ঠানটি। বিবিসি অনলাইনের এক প্রতিবেদনে এ তথ্য জানানো হয়েছে।উবারের প্রধান নির্বাহী কর্মকর্তা দারা খোশরেশাহি বলেন, শহরের ভেতরে চলাচলের জন্য একা চলাচলের যানবাহন বেশি উপযোগী।</p>', '1691961515708355.jpg', '1', '2021-02-17', 1, '2021-02-17 10:44:02', '2021-02-20 05:00:01'),
(41, 17, 'উইন্ডোজ ১০ এখন সবচেয়ে জনপ্রিয়', 'উইন্ডোজ-১০-এখন-সবচেয়ে-জনপ্রিয়', '<p>আপনার কম্পিউটারে কোন অপারেটিং সিস্টেম ব্যবহার করছেন? বিশ্বজুড়ে অধিকাংশ পিসি ব্যবহারকারী এখন উইন্ডোজ ১০ ওএস ব্যবহার করছেন। বিশ্বের বৃহত্তম সফটওয়্যার নির্মাতা প্রতিষ্ঠান মাইক্রোসফট তিন বছর আগে উন্মুক্ত করেছিল উইন্ডোজ ১০ সংস্করণ। উইন্ডোজ ৭ সংস্করণকে ছাড়িয়ে যেতে ৩ বছর সময় লেগেছে উইন্ডোজ ১০-এর।এর আগে সবচেয়ে জনপ্রিয় উইন্ডোজ সংস্করণ ছিল উইন্ডোজ এক্সপি। অবশ্য ২০১৩ সালের আগে থেকেই উইন্ডোজ ৭ জনপ্রিয় হতে শুরু করে। ২০১৫ সালে উইন্ডোজ ৭ এর জনপ্রিয়তা বেশি থাকলেও উইন্ডোজের নতুন সংস্করণ ছাড়ে মাইক্রোসফট।মার্কিন যুক্তরাষ্ট্রের তথ্য বিশ্লেষক প্রতিষ্ঠান নেট অ্যাপ্লিকেশনসের তথ্য অনুযায়ী, বর্তমানে অপারেটিং সিস্টেমের বাজার দখলের হিসেবে উইন্ডোজ ১০ এগিয়ে গেছে। ২০১৮ সালের ডিসেম্বর মাস পর্যন্ত হিসাব অনুযায়ী, উইন্ডোজ ১০ এর দখলে রয়েছে বাজারের ৩৯ দশমিক ২২ শতাংশ আর উইন্ডোজ ৭ এর দখলে রয়েছে ৩৬ দশমিক ৯ শতাংশ। এক দশক আগে উইন্ডোজ ৭ উন্মুক্ত করেছিল মাইক্রোসফট।</p>\r\n\r\n<p>&nbsp;</p>\r\n\r\n<p>গত বছর মাইক্রোসফট ঘোষণা দিয়েছিল, এখন পর্যন্ত পিসি, এক্সবক্স, ট্যাবলেট কম্পিউটার ও ফোন মিলিয়ে ৭০ কোটি যন্ত্রে উইন্ডোজ ১০ ইনস্টল করা হয়েছে। ২০১৯ সালের মধ্যে ১০০ কোটি যন্ত্রে উইন্ডোজ ১০ ইনস্টল করার লক্ষ্য নির্ধারণ করেছে প্রতিষ্ঠানটি।</p>\r\n\r\n<p>মাইক্রোসফটের উইন্ডোজ সফটওয়্যারের সর্বশেষ হালনাগাদ ছিল উইন্ডোজ ১০ অক্টোবর আপডেট সংস্করণ। এতে বিভিন্ন যন্ত্রের মধ্যে সিনক্রোনাইজ করার সুবিধা ক্লাউড ক্লিপবোর্ড, আপডেটে স্নাইপিং টুল, ডার্ক ফাইল এক্সপ্লোরার, এজের উন্নত সংস্করণের মতো নতুন বেশ কিছু ফিচার এসেছিল। এতে সার্চের প্রিভিউ দেখা এবং ফোল্ডার টাইটেল দেওয়ার মতো নতুন সুবিধাও এসেছিল। তবে উইন্ডোজের নতুন আপডেট যন্ত্র থেকে তথ্য মুছে দিচ্ছে এমন অভিযোগ ওঠার পর মাইক্রোসফট নতুন সংস্করণ বন্ধ করে দেয়। পরে ওই সমস্যা সমাধান করে তা আবার উন্মুক্ত করা হয়।</p>', '1691961549638540.jpg', '1', '2021-02-17', 1, '2021-02-17 10:44:34', '2021-02-20 04:59:55'),
(42, 17, 'এক্স প্রো স্মার্টফোনের সামনে ২৪, পেছনে ১৬ মেগাপিক্সেলের ক্যামেরা', 'এক্স-প্রো-স্মার্টফোনের-সামনে-২৪,-পেছনে-১৬-মেগাপিক্সেলের-ক্যামেরা', '<p>দেশের বাজারে সম্প্রতি ক্যামন এক্স ও ক্যামন এক্স প্রো নামের দুটি মডেলের স্মার্টফোন উন্মুক্ত করেছে টেকনো মোবাইল। এর মধ্যে ক্যামেরা ফিচারটিকে গুরুত্ব দিয়ে আনা হয়েছে টেকনো ক্যামন এক্স প্রো মডেলটি। এর সামনেই রয়েছে ২৪ মেগাপিক্সেল ও পেছনে রয়েছে&nbsp;১৬ মেগাপিক্সেলের ক্যামেরা।স্মার্টফোনটিতে রয়েছে ৬ ইঞ্চি ফুল এইচডি প্লাস ইনফিনিটি ডিসপ্লে, ৪ জিবি র&zwj;্যাম, ৬৪ জিবি ইন্টারনাল মেমোরি। মিডিয়াটেক হেলিও চিপসেট এবং অ্যান্ড্রয়েড ওরিও ৮.১ সংস্করণে চালিত ক্যামন এক্স প্রো স্মার্টফোনের ফুল এইচডি প্লাস ডিসপ্লের সঙ্গে ২.৫ডি কার্ভড গ্লাস ব্যবহৃত হয়েছে।টেকনো কর্তৃপক্ষ জানিয়েছে, সামনে ২৪ মেগাপিক্সেল সেলফি এবং পেছনে ১৬ মেগাপিক্সেল ক্যামেরাতে ইমেজ ডেফিনেশন ব্যবহার করা হয়েছে, যা ছবি আরও বেশি স্পষ্ট করে তুলবে। কম আলোতে উজ্জ্বল ছবি তোলার জন্য পেছনের ক্যামেরায় থাকছে কোয়াড এলইডি ফ্ল্যাশ এবং সেলফি ক্যামেরায় ডুয়েল এলইডি ফ্ল্যাশ লাইট। এতে আছে ডুয়েল ইমেজ প্রসেসিং প্রযুক্তি, যা দ্রুত ছবি তোলে। ছবি তোলার ক্ষেত্রে ডার্ক স্টেট কমানোর জন্য ক্যামেরা মেমোরি কালার ফাংশন ২০ শতাংশ পর্যন্ত হালনাগাদ করা হয়েছে, যা ক্যাপচারের সময় প্রাকৃতিক রঙের সঙ্গে সামঞ্জস্য রেখে আরও ভালো ছবি তুলতে সাহায্য করে। এতে আর্টিফিশিয়াল বিউটিফিকেশন, পোর্টেট বোকেহ মোড রয়েছে। এ ছাড়া ক্যামেরায় ফোর ইন ওয়ান ইমেজিং প্রযুক্তি ব্যবহার হয়েছে, যাতে দুই ক্যামেরাতেই ডিভাইসটির চারটি পিক্সেল ছবি তোলার সময় একসঙ্গে কাজ করে। এতে ছবি স্পষ্ট হয়।</p>', '1691961582700411.jpg', '1', '2021-02-17', 1, '2021-02-17 10:45:06', '2021-02-20 04:59:50'),
(43, 17, 'মাসিক ফি ছাড়াই গাড়ি–মোটরবাইকের নিরাপত্তা', 'মাসিক-ফি-ছাড়াই-গাড়ি–মোটরবাইকের-নিরাপত্তা', '<p>গাড়ির গতিবিধি পর্যবেক্ষণ ও নিরাপত্তায় জিপিএস (গ্লোবাল পজিশনিং সিস্টেম) বেশ জনপ্রিয়। জিপিএস নেভিগেশনে হালনাগাদ তথ্য পেতে এবং গাড়ি চালু ও বন্ধ করতে ইন্টারনেট&ndash;সংযোগ থাকতে হয়। গাড়ি চুরি বা ছিনতাই হলে চোর, ছিনতাইকারী জিপিএস যন্ত্রটি গাড়ি থেকে খুলে ফেলে এবং ইগনিশন তার জোড়া দিয়ে গাড়ি চালু করে নিয়ে যেতে পারে। জিপিএস এ ক্ষেত্রে অসহায়।যন্ত্রটি খুলে ফেলতে যে সময় লাগবে, সে সময়ের মধ্যে গাড়ি উদ্ধারের পদক্ষেপ নেওয়া না হলে মালিক গাড়িটি তো খোয়াবেনই, মাসে মাসে দেওয়া ফিও যাবে বিফলে। এ সমস্যার সমাধানে বাজারে এসেছে নতুন একটি জিপিএস, যা জিএসএম ও জিপিএস দুই প্রযুক্তিতে চলবে। যন্ত্রটির নাম ট্যাসলক জিএসএম। এটা মোটরবাইক ও গাড়ি দুটিতেই ব্যবহার করা যায়।</p>', '1691961684136869.jpg', '1', '2021-02-17', 1, '2021-02-17 10:46:42', '2021-02-20 04:59:44'),
(44, 17, 'একটা বার্গারের জন্য লাইনে বিল গেটস!', 'একটা-বার্গারের-জন্য-লাইনে-বিল-গেটস!', '<p>মাইক্রোসফটের প্রতিষ্ঠাতা বিল গেটস বরাবরই একজন আলাদা মানুষ। বিশ্বের অন্যতম শীর্ষ ধনী হলেও নিয়ম মানতে পছন্দ করেন তিনি। সম্প্রতি তাঁর এমনই একটি ঘটনা সামাজিক যোগাযোগের মাধ্যমে ব্যাপক ছড়িয়ে পড়েছে। তিনি আর দশটা সাধারণ মানুষের মতোই লাইনে দাঁড়িয়ে খাবার সংগ্রহ করেছেন। লাইনে দাঁড়িয়ে থাকা অবস্থায় তাঁর একটি ছবি গত মঙ্গলবার ফেসবুকে ছেড়ে দেন মাইক গ্যালোস নামের এক ব্যক্তি।ইন্ডিয়া টাইমস অনলাইনের খবরে জানানো হয়, মাইক্রোসফট প্রতিষ্ঠাতা বিল গেটস ফাস্ট ফুড পছন্দ করেন। প্রায়ই তিনি দোকান থেকে তা কিনে খান। তাঁকে ওয়াশিংটনের বুলেভুয়ের বার্গারমাস্টারে প্রায়ই দেখা যায়। তবে গত সপ্তাহে তাঁকে সিয়াটলের আরেকটি স্থানীয় বার্গারের দোকানের সামনে লাইনে দেখা যায়।</p>', '1691961783173196.jpg', '1', '2021-02-17', 1, '2021-02-17 10:48:17', '2021-02-20 04:59:39'),
(45, 17, 'কাল দেখা দেবে লাল ‘নেকড়ে চাঁদ’', 'কাল-দেখা-দেবে-লাল-‘নেকড়ে-চাঁদ’', '<p>নতুন বছরের যাত্রা শুরু হয়েছে ২০ দিন হলো। এরই মধ্যে প্রথম মহাজাগতিক উপহার নিয়ে হাজির হয়েছে ২০১৯ সাল। কাল সোমবার বাংলাদেশের আকাশে দেখা দেবে রক্তিম নেকড়ে চাঁদ। তবে দিনের বেলায় হওয়ায় বাংলাদেশ থেকে এই চন্দ্রগ্রহণ দেখা যাবে না। এরপর ২০২১ সালের আগে এই চাঁদের দেখা পাওয়া যাবে না বলে জানিয়েছেন বিজ্ঞানীরা।আমেরিকার আদি বাসিন্দাদের কাছে বছরের প্রথম সুপারমুনটি &lsquo;নেকড়ে চাঁদ&rsquo; নামে পরিচিত ছিল। তাদের বিশ্বাস, ওই পূর্ণিমায় পৃথিবী চাঁদের আলোয় এতটাই ভেসে যায় যে নেকড়েরা ডেরা থেকে বেরিয়ে ডাকতে শুরু করে।বিশ্বের বিভিন্ন প্রান্ত থেকেই রক্তিম নেকড়ে চাঁদ দেখা যাবে। তবে সবচেয়ে ভালো করে দেখা যাবে উত্তর আমেরিকায়। স্থানীয় সময় রোববার রাত ৯টা ৩৬ মিনিটে চন্দ্রগ্রহণ শুরু হবে। তবে রাত ১১টা ৪১ মিনিটের আগে তা দেখা না যাওয়ার সম্ভাবনাই বেশি। রোববার দিবাগত রাত ১২টা ৪৩ মিনিটে চন্দ্রগ্রহণ শেষ হবে। যুক্তরাষ্ট্রের পুরো ভূখণ্ড থেকেই এই চন্দ্রগ্রহণ দেখা যাবে। তবে উত্তর আমেরিকার সঙ্গে বাংলাদেশের সময় ব্যবধান ১১ ঘণ্টা হওয়ায় এখানে আগামীকাল সোমবার সকাল ৮টা ৩৬ মিনিটে চন্দ্রগ্রহণ শুরু হবে। গ্রহণের স্থায়িত্ব হবে ৬২ মিনিট।</p>', '1691961806934508.jpg', '1', '2021-02-17', 1, '2021-02-17 10:48:40', '2021-02-20 04:59:34'),
(46, 14, 'বরাদ্দের এক টাকাও খরচ করতে পারেনি পররাষ্ট্র মন্ত্রণালয় ও পিএসসি', 'বরাদ্দের-এক-টাকাও-খরচ-করতে-পারেনি-পররাষ্ট্র-মন্ত্রণালয়-ও-পিএসসি', '<p>চলতি ২০১৮-১৯ অর্থবছরের প্রথম পাঁচ মাসে (জুলাই-নভেম্বর) ১১টি মন্ত্রণালয় ও বিভাগ বার্ষিক উন্নয়ন কর্মসূচির বরাদ্দের মাত্র ১০ শতাংশ অর্থও খরচ করতে পারেনি। অবশ্য গতবার একই সময়ে ১৭টি মন্ত্রণালয় ও বিভাগ তাদের বরাদ্দের ১০ শতাংশ টাকাও খরচ করতে পারেনি। সেই তুলনায় এবার অবস্থা একটু ভালো।পরিকল্পনা মন্ত্রণালয়ের বাস্তবায়ন, পরিবীক্ষণ ও মূল্যায়ন বিভাগের (আইএমইডি) তথ্য থেকে এ চিত্র পাওয়া গেছে। এবার আসি এডিপি বাস্তবায়নে সবচেয়ে খারাপ পারফরম্যান্স কোন মন্ত্রণালয় বা বিভাগের। এই তালিকায় শীর্ষে আছে পররাষ্ট্র মন্ত্রণালয় ও সরকারি কর্মকমিশন। কোনো টাকাই খরচ করতে পারেনি তারা।পররাষ্ট্র মন্ত্রণালয়ের পাঁচটি প্রকল্পে ১২৩ কোটি টাকা বরাদ্দ আছে। তবে এখন পর্যন্ত এক টাকাও খরচ করতে পারেননি এই মন্ত্রণালয়ের কর্মকর্তারা। অন্যদিকে সরকারি কর্মকমিশনের একটি প্রকল্পে ৩০ কোটি টাকা বরাদ্দ থাকলেও কোনো টাকা খরচ হয়নি।আইএমইডি সূত্রে জানা গেছে, বরাদ্দের ১০ শতাংশের কম টাকা খরচ করেছে, এমন অন্য মন্ত্রণালয় ও বিভাগগুলো হলো রেলপথ মন্ত্রণালয়, পানিসম্পদ মন্ত্রণালয়, ডাক ও টেলিযোগাযোগ মন্ত্রণালয়, বেসামরিক বিমান পরিবহন ও পর্যটন মন্ত্রণালয়, তথ্য মন্ত্রণালয়, আর্থিক প্রতিষ্ঠান বিভাগ, অভ্যন্তরীণ সম্পদ বিভাগ, জনপ্রশাসন মন্ত্রণালয় এবং দুর্নীতি দমন কমিশন (দুদক)</p>', '1691961860043814.jpg', '1', '2021-02-17', 1, '2021-02-17 10:49:30', '2021-02-17 10:51:49'),
(47, 14, 'শুল্ক চাপে চীনা কোম্পানি বাংলাদেশে', 'শুল্ক-চাপে-চীনা-কোম্পানি-বাংলাদেশে', '<p>যুক্তরাষ্ট্র ও চীনের বাণিজ্যযুদ্ধের কবলে পড়ে চীনের একটি কোম্পানি বাংলাদেশে কারখানা করার উদ্যোগ নিয়েছে। ঝুঝাউ জিনইউয়ান কেমিক্যাল ইন্ডাস্ট্রি কোম্পানি লিমিটেড নামের ওই প্রতিষ্ঠানটি চট্টগ্রামের মিরসরাই, সীতাকুণ্ড ও ফেনী নিয়ে গঠিত বঙ্গবন্ধু শেখ মুজিব শিল্পনগরে জমি নেওয়ার জন্য চুক্তি করেছে বাংলাদেশ অর্থনৈতিক অঞ্চল কর্তৃপক্ষের (বেজা) সঙ্গে।কোম্পানিটি বেজাকে জানিয়েছে, তারা আগামী মাসে, অর্থাৎ ফেব্রুয়ারিতে কারখানার নির্মাণকাজ শুরু করবে। জুনে উৎপাদনে যাবে। তাদের নেওয়া জমির পরিমাণ ১০ একর। বিনিয়োগের লক্ষ্য ২ কোটি ৮০ লাখ ডলার, যা বাংলাদেশি মুদ্রায় ২৩৫ কোটি টাকা। জমি নিতে ইতিমধ্যে বেজাকে ৫০ বছরের ইজারামূল্য বাবদ প্রায় ১২ লাখ ডলার পরিশোধ করেছে তারা।কোম্পানিটি গত সেপ্টেম্বরে প্রথম বাংলাদেশে আসে। এত দ্রুত কারখানা করার কারণ জানতে চাইলে বেজা সূত্র জানিয়েছে, যুক্তরাষ্ট্র চীনা রাসায়নিকের ওপর ২৫ শতাংশ শুল্ক আরোপ করেছে। এতে প্রতিষ্ঠানটি তাদের বড় বাজার যুক্তরাষ্ট্রে রপ্তানিতে বিপাকে পড়েছে। এ কারণেই দ্রুত বাংলাদেশে কারখানা করতে চায় তারা।</p>', '1691961893974965.jpg', '1', '2021-02-17', 1, '2021-02-17 10:50:02', '2021-02-17 10:51:42'),
(48, 14, 'দেশে তৈরি ১১০ সিসির হোন্ডা ‘লিভো’ ও ‘ড্রিম নিও’ বাজারে', 'দেশে-তৈরি-১১০-সিসির-হোন্ডা-‘লিভো’-ও-‘ড্রিম-নিও’-বাজারে', '<p>বাংলাদেশ হোন্ডা প্রাইভেট লিমিটেড সাশ্রয়ী মূল্যে নিয়ে এল ১১০ সিসির ২টি নতুন মডেল &lsquo;লিভো&rsquo; ও &lsquo;ড্রিম নিও&rsquo; মোটরসাইকেল। হোন্ডা লিভো ও ড্রিম নিও উৎপাদিত হয়েছে হোন্ডার আন্তর্জাতিক মান বজায় রেখে। গত বছরের নভেম্বরে মুন্সিগঞ্জে উদ্বোধন হয় হোন্ডার নিজস্ব ফ্যাক্টরি। এখানেই তৈরি হওয়া দুটি মডেল প্রথম বাজারে এল।বাংলাদেশ হোন্ডা প্রাইভেট লিমিটেড বাজারে নিয়ে এল দুটো নতুন মডেলের মোটরসাইকেল হোন্ডা লিভো ও ড্রিম নিও। বিশ্বব্যাপী সমাদৃত এই মডেল দুটোর আধুনিক সংস্করণে আছে ১১০ সিসি হোন্ডা ইকো টেকনোলজি (এইচইটি) ইঞ্জিন। বাংলাদেশে বর্তমানে সবচেয়ে স্টাইলিশ আর উন্নতমানের ১১০ সিসি মোটরসাইকেলের একটি হোন্ডা লিভো। এতে আছে সার্ভিস ডিউ ইনডিকেটরসমৃদ্ধ ডিজিটাল-অ্যানালগ মিটার। ২টি মডেলেই রয়েছে হোন্ডা ইকো টেকনোলজিসমৃদ্ধ ১১০সিসি ইঞ্জিন।</p>', '1691961980159316.jpg', '1', '2021-02-17', 1, '2021-02-17 10:51:25', '2021-02-17 10:51:25');
INSERT INTO `posts` (`id`, `category_id`, `title`, `slug`, `description`, `image`, `hot_news`, `date`, `status`, `created_at`, `updated_at`) VALUES
(49, 14, 'পদ্মা সেতু প্রকল্পের সার্বিক অগ্রগতি ৬৩ ভাগ : ওবায়দুল কাদের', 'পদ্মা-সেতু-প্রকল্পের-সার্বিক-অগ্রগতি-৬৩-ভাগ-:-ওবায়দুল-কাদের', '<p>পদ্মা বহুমুখী সেতু প্রকল্পের সার্বিক অগ্রগতি শতকরা ৬৩ ভাগ এবং এ মাসের শেষ সপ্তাহে জাজিরা প্রান্তে আরও একটি স্প্যান স্থাপন করা হবে।সড়ক পরিবহন ও সেতু মন্ত্রী ওবায়দুল কাদের আজ বনানীর সেতু ভবনের সম্মেলন কক্ষে সেতু বিভাগের কর্মকর্তা-কর্মচারীদের সাথে মতবিনিময় সভা শেষে সাংবাদিকদের এ কথা জানান।আগামী মাসের মাঝামাঝি সময়ে ট্যানেল বোরিং মেশিনের (টিএমবি) মাধ্যমে আনুষ্ঠানিক ভাবে কর্ণফুলী টানেলের খনন কাজ শুরু করা হবে বলেও তিনি জানান।ওবায়দুল কাদের জানান, &lsquo;পদ্মা বহুমুখী সেতু প্রকল্পের মূল সেতুর অগ্রগতি শতকরা ৭৩ ভাগ, নদীশাসন কাজের অগ্রগতি শতকরা ৫০ ভাগ ও মোট ২৬১ টি পাইলের মধ্যে ১৯১টি পাইলের কাজ সম্পাদিত এবং আরও ১৫টি পাইলের আংশিক কাজ শেষ হয়েছে। মোট পিলার ৪২টি, এরমধ্যে ১৬টির কাজ পুরোপুরি সম্পন্ন হয়েছে। ১৫টি পিলারের কাজ চলমান রয়েছে। মোট স্প্যান ৪১টি, ইতোমধ্যে ৬টি স্প্যান স্থাপন করা হয়েছে। ফলে এখন ৯০০ মিটার দৃশ্যমান হয়েছে। এছাড়া ১৭টি স্প্যান প্রস্তুত রয়েছে। আরও ১৮টি স্প্যানের প্রস্তুতি কাজ প্রক্রিয়াধীন রয়েছে।&rsquo;তিনি বলেন, ৩ দশমিক ৪ কিলোমিটার দীর্ঘ চারলেন বিশিষ্ট কর্ণফুলী নদীর তলদেশে ট্যানেল নির্মাণে ব্যয় হবে ৯ হাজার ৮৮০ কোটি ৪০ লাখ টাকা। খনন কাজের জন্য চীন থেকে সংগৃহীত ট্যানেল বোরিং মেশিনটির পরীক্ষা নিরীক্ষা সম্পন্ন হয়েছে। আগামী মাসের মাঝামাঝিতে আনুষ্ঠানিক ভাবে কর্ণফুলী ট্যানেলের খনন কাজ শুরু হবে। ৩১ ডিসেম্বর ২০১৮ পর্যন্ত সার্বিক অগ্রগতি শতকরা ৩০ ভাগ। ২০২২ সালে ট্যানেলটির নির্মাণ কাজ শেষ হবে বলেও তিনি জানান।</p>', '1691962038584194.jpg', '1', '2021-02-17', 1, '2021-02-17 10:52:21', '2021-02-17 10:52:21'),
(50, 16, 'ক্রিকেট নয়, আনুশকাই কোহলির সব', 'ক্রিকেট-নয়,-আনুশকাই-কোহলির-সব', '<p>ক্রিকেটের প্রতি বিরাট কোহলির নিবেদন অনস্বীকার্য। তাঁর ধ্যানজ্ঞানও সব এই ২২ গজের খেলাকে নিয়েই। ক্রিকেটের বর্তমান প্রজন্মের রোল মডেল হয়ে উঠেছেন। কিন্তু স্বয়ং কোহলির কাছে ক্রিকেটের চেয়েও গুরুত্বপূর্ণ বিষয় আছে জীবনে। আর সেটা হলো পরিবার। সম্প্রতি তিনি জানিয়েছেন ক্রিকেট তাঁর জীবনের একটি অংশ কিন্তু পরিবার প্রধানতম গুরুত্বপূর্ণ ব্যাপার।কোহলি বলেছেন, &lsquo;৮ বছর হয়ে গেছে, এখন পরিবারই প্রাধান্য পাবে। আমি নিজে, আনুশকা আর তারপর আমাদের পরিবারই গুরুত্ব পাবে। অবশ্যই ক্রিকেট আমার জীবনেরই অংশ কিন্তু আমি মনে করি পরিবারকে প্রাধান্য দেওয়া উচিত কারণ জীবনের চেয়ে বড় কিছু হয় না। ক্রিকেট জীবনের একটি অংশ, জীবনের চেয়ে বড় কিছু হওয়া উচিত নয়।&rsquo;তিনি আরও বলেন, &lsquo;আমি এমন অনেককে জানি যার জীবনকে খুবই গুরুত্বের সঙ্গে দেখে, বিষয়টা এমন যে &ldquo;তুমি যদি ক্রিকেটকে খুব গুরুত্বের সঙ্গে না নাও, তাহলে তুমি যথেষ্ট প্রতিজ্ঞাবদ্ধ নও।&rdquo;আমি এই নীতিতে বিশ্বাস করি না। একটু বড় করে চিন্তা করলে জীবন সব সময়ই আগে, কারণ অনেক কিছুই ঘটে ও ঘটতে পারে, কিন্তু দিন শেষে আপনি সব সময়ই ঘরে ফিরবেন। তাই আমি মনে করি প্রাধান্য দিতে হবে পরিবারকে, দেওয়াটাই উচিত।&rsquo;পরিবারকে সবার উঁচুতে অবস্থান দেওয়া এই ক্রিকেটার ধীরে ধীরে নিজেকে নিয়ে যাচ্ছেন সবার উঁচুতে। সম্প্রতি শচীন টেন্ডুলকারকে টপকে গেছেন বিশেষ এক রেকর্ডে। ক্যারিয়ারের উনিশ হাজার রান করতে সময় নিয়েছেন সবচেয়ে কম। দশ হাজার রান করার ক্ষেত্রেও সাবেক সতীর্থ শচীনকে টপকে এই রেকর্ড করেছিলেন।দশ বছর আগে ভারতের হয়ে আন্তর্জাতিক ক্যারিয়ারের ইনিংস শুরু করা কোহলির প্রেমের ইনিংস শুরু হয়েছিল ২০১৩ সালে। বলিউড তারকা আনুশকা শর্মা সঙ্গে শ্যাম্পুর বিজ্ঞাপন করতে গিয়ে পরিচয় হয় এই ক্রিকেটারের। আর প্রেম বিয়েতে পরিণতি পায় ২০১৭ সালে ডিসেম্বরে। কয়েক দিন পর পর একের পর এক রেকর্ড ভেঙে যাচ্ছেন ক্রিকেটে। আর অনুপ্রেরণা যে পরিবার থেকেই পাচ্ছেন, সেটা কি আর বলে দিতে হবে!</p>', '1691962180753654.jpg', '1', '2021-02-17', 1, '2021-02-17 10:54:36', '2021-02-20 04:56:57'),
(51, 16, 'বার্সেলোনার সহজ জয়', 'বার্সেলোনার-সহজ-জয়', '<p>ন্যু ক্যাম্পে বার্সেলোনার বিপক্ষে পাত্তাই পেল না লেগানেস। রোববার রাতে শুরু থেকে শেষ পর্যন্ত এগিয়ে থেকেই খেলা শেষ করেন মেসি-সুয়ারেজরা। চ্যাম্পিয়নস লিগের কথা মাথায় রেখে নিজের সেরা ছাত্র মেসিকে শুরুর একাদশে রাখেননি ভালভার্দে। তবে মেসির অভাব খুব একটা বুঝতে দেননি ডেম্বেলে-সুয়ারেজরা। ৩-১ গোলের ব্যবধানে সহজ জয় নিয়ে মাঠ ছাড়ে স্প্যানিশ জায়ান্টরা।ম্যাচের শুরুতেই গোলের সুযোগ পায় বার্সেলোনা। দশম মিনিটে ডেম্বেলের দুর্দান্ত পাসে ঠিকমতো পা ছোঁয়াতে পারলেই এগিয়ে যেত কাতালানরা। সুবিধাজনক জায়গায় কেউ না থাকায় গোলবঞ্চিত হয় বার্সেলোনা। প্রথমার্ধেই গোলের সহজ সুযোগ হাতছাড়া করেন কুতিনহো।অবশ্য গোলের জন্য খুব বেশি হাহাকার করতে হয়নি বার্সেলোনার খেলোয়াড়দের। প্রথমার্ধের ৩২তম মিনিটে ডেম্বেলের গোলে এগিয়ে যায় বার্সেলোনা। দ্বিতীয়ার্ধের ৫৭তম মিনিটে ব্রাইথওয়েটের গোলে সমতায় ফেরে অতিথিরা। কিন্তু খুব বেশি সময় সমতা ধরে রাখতে পারেনি লা লিগায় পয়েন্ট টেবিলের নিচের দিকে থাকা লেগানেস। ৭১তম মিনিটে সুয়ারেজের গোলে ব্যবধান বাড়ায় স্বাগতিকেরা। ৬৪তম মিনিটে অ্যালেনার বদলি হিসেবে নামা মেসি গোল করেন যোগ হওয়া সময়ে। লেগানেসের গোলরক্ষক কোনোমতে মেসির শট ফিরিয়ে না দিলে সুয়ারেজের করা গোলটিও মেসিই পেতেন। মেসির শট পুরোপুরি ক্লিয়ার না হলে ফিরতি বল পেয়ে সহজেই গোল করেন সুয়ারেজ। চলতি মৌসুমে লিগে কের ফেলেন নিজের ১৫তম গোলটিও।ডেম্বেলে-সুয়ারেজ-মেসির নৈপুণ্যে হেসেখেলে জয় পায় ভালভার্দের শিষ্যরা।</p>', '1691962213193837.jpg', '1', '2021-02-17', 1, '2021-02-17 10:55:07', '2021-02-20 04:56:56'),
(52, 16, 'বিগ ব্যাশের ক্রিকেটার হারালেন শারাপোভাকে!', 'বিগ-ব্যাশের-ক্রিকেটার-হারালেন-শারাপোভাকে!', '<p>১৯৯৯ সালে যখন প্রথম গ্র্যান্ড স্লাম হিসেবে ইউএস ওপেন জেতেন সেরেনা উইলিয়ামস, দায়ানা ইয়েস্ত্রমস্কার তখন জন্মই হয়নি। ১৮ বছর বয়সী এই ইউক্রেনিয়ান প্রতিযোগীকে যদি তারুণ্যের প্রতীক ধরা হয়, ৩৭ বছর বয়সী সেরেনা অভিজ্ঞদের প্রতিনিধি। অভিজ্ঞতার সঙ্গে তারুণ্যের লড়াইয়ে খড়কুটোর মতো উড়ে গেলেন ইয়েস্ত্রমস্কা। মার্গারেট কোর্টের সবচেয়ে বেশি ২৪টি গ্র্যান্ড স্লামের রেকর্ড ছোঁয়ার লক্ষ্যে এগিয়ে চলা সেরেনা জিতেছেন ৬-২, ৬-১ গেমে। তৃতীয় রাউন্ডের একপেশে এই ম্যাচ হারার পর আবেগে কেঁদেই ফেলেছেন ইয়েস্ত্রমস্কা। তাঁকে কাছে গিয়ে সান্ত্বনা দিয়েছেন সেরেনা, &lsquo;কেঁদো না। অসাধারণ খেলেছ, তুমি যে এগিয়ে যাবে, সেটা দেখাতে পেরেছ।&rsquo;</p>\r\n\r\n<p>আর সেরেনা দেখিয়েছেন তাঁর সাফল্যক্ষুধা। দুর্দান্ত এই জয়ের পরও কী বিনয়ী তিনি, &lsquo;আমার তো মনে হয়, কেবল শুরু করেছি আমি। (যেখানে যেতে চাই) সেখানে এখনো আমার যাওয়ার বাকি বলেই মনে করি আমি।&rsquo; এগিয়ে চলার পথে চতুর্থ রাউন্ডেই বড় একটা বাধা টপকাতে হবে ২৩টি গ্র্যান্ড স্লামের মালিককে। এই রাউন্ডে তিনি মুখোমুখি হবেন সিমোনা হালেপের, যিনি তৃতীয় রাউন্ডে হারিয়েছেন সেরেনারই বড় বোন ভেনাস উইলিয়ামসকে&mdash;৬-২, ৬-১ গেমে।</p>', '1691962317861412.jpg', '1', '2021-02-17', 1, '2021-02-17 10:56:47', '2021-02-20 04:56:54'),
(53, 16, 'দিনমজুরের মেয়েই এখন ক্রীড়াঙ্গনের বড় সম্পদ', 'দিনমজুরের-মেয়েই-এখন-ক্রীড়াঙ্গনের-বড়-সম্পদ', '<p>নমিতা কর্মকারের বাবা দিনমজুরের কাজ করেন। মা চায়না কর্মকার বাসা বাড়িতে কাজ করেন। এই পরিবারের কিশোরী কন্যাই এখন খেলাধুলায় বাংলাদেশের বড় সম্পদ হয়ে উঠেছে। জাতীয় জুনিয়র অ্যাথলেটিকসে বর্শা নিক্ষেপে নতুন রেকর্ড গড়েছে সে। দারুণ ব্যাপার হচ্ছে, একজন হকি খেলোয়াড় হিসেবেও সে নিজেকে গড়ে তুলছে। নারী হকিতে ইতিহাসেই নাম লিখিয়েছে এই নমিতা। গত সেপ্টেম্বরে অনুষ্ঠিত ৩৪ তম জাতীয় জুনিয়র অ্যাথলেটিকস দিয়েই নমিতা পাদপ্রদীপের আলোয় আসে। বর্শা নিক্ষেপে আগের সব রেকর্ড ভেঙে ফেলে ৩৬ দশমিক ৩৬ মিটার দূরত্ব পার করে। সে প্রতিযোগিতার ডিসকাস থ্রো আর শটপুটেও নমিতা নিজেকে প্রমাণ করেছে। এই দুইয়ে সোনা জিততে না পারলেও দ্বিতীয় স্থান দখল করেছে&nbsp;নড়াইলের&nbsp;এই কিশোরী। তবে বর্শা নিক্ষেপের সাফল্য তাকে আলাদাভাবেই পরিচিতি দিয়েছে।নভেম্বর মাসেই নমিতা ইতিহাসের অংশ হয়ে যায় দেশের প্রথম নারীদের হকি দলের সদস্য হয়ে। সফরকারী ভারতের কলকাতা ওয়ারিয়র্সের বিপক্ষে বাংলাদেশের মেয়েদের সিরিজ জয়ে দারুণ ভূমিকা তার। নিজে গোল তো করেছেই, সতীর্থকে দিয়ে গোল করাতেও জুড়ি নেই নমিতার। ঢাকা একাদশের সেরা খেলোয়াড় ছিল সে।নমিতা নড়াইলের লোহাগড়া পাইলট উচ্চবিদ্যালয় থেকে এ বছর এসএসসি পরীক্ষা দেবে। লোহাগড়া পৌর শহরের কচুবাড়িয়ায় ওদের বাস। সাড়ে সাত শতাংশ জমির ওপর বসতভিটেটাই সম্বল। এখানে ছোট্ট দুটি ঝুপড়ি টিনের ঘর। অন্য কোনো জমিজমা নেই। নেই আর কোনো আয়।বাবা মাখন কর্মকারের বয়স প্রায় ৬০। কানে শোনেন না। এক চোখে দেখেন না। শরীরের নানা রোগ বাসা বেঁধেছে। ছিলেন কাঠুরে। এখন শক্ত পরিশ্রমের কাজ করতে পারেন না। তাই পানের বরজে কাজ করেন। কিন্তু কাজটি মৌসুমি। প্রায় ছয় মাস কাজ থাকে না। নভেম্বর থেকে কাজ নেই। তখন পরিবারের সদস্যদের নির্ভর করতে হয় নমিতার মায়ের সামান্য আয়ের ওপর। অবশ্য বছর দুই হলো জ্যাভলিন খেলোয়াড় হিসেবে বাংলাদেশ পাটকল করপোরেশনে (বিজেএমসি) যোগ দিয়েছেন নমিতা। বেতন সপ্তাহে ১ হাজার ৯০০ টাকা। এই টাকাটা সংসারে কাজে আসছে।মাখন কর্মকরের তৃতীয় সন্তান এই নমিতা। বড় দুই মেয়ের বিয়ে দিয়েছেন। এখন পাঁচজনের সংসার। ছোট মেয়ে প্রাথমিক সমাপনী পরীক্ষা দিয়েছে। ছেলে দ্বিতীয় শ্রেণিতে পড়ে।<br />\r\nনমিতা নিজেকে অনেক দূর নিয়ে যেতে হয়, &lsquo;ছোটবেলা থেকেই ঝোঁক ছিল খেলাধুলায়। শুরু ফুটবল দিয়ে। অ্যাথলেটিকস হয়ে এখন হকিতে। আমি হকি নিয়েই এখন বেশি স্বপ্ন দেখি।&rsquo; দেশে একদিন হকিতে নারীদের জাতীয় দল হবে। সে দলে খেলতে চায় সে। নমিতা ক্রিকেটের মতো হকিতে বাংলাদেশকে নিয়ে যেতে চায় অন্য উচ্চতায়।</p>', '1691962350777849.jpg', '1', '2021-02-17', 1, '2021-02-17 10:57:18', '2021-02-20 04:56:53'),
(54, 16, '৬ মাসে ৬ গোল করা হিগুয়েইনের জন্য এত টাকা!', '৬-মাসে-৬-গোল-করা-হিগুয়েইনের-জন্য-এত-টাকা!', '<p>এই তো খুব বেশি দিন নয়, মাস কয়েক আগেই নতুন ঠিকানায় থিতু জমিয়েছিলেন। কিন্তু সেখানে মন টিকল না গঞ্জালো হিগুয়েইনের। এসি মিলানে খুব একটা ফর্মে নেই তবু ইউরোপের বড় বড় ক্লাবের আগ্রহ কমেনি এখনো। ইতালি ও ইংল্যান্ডের সংবাদমাধ্যমগুলো জানাচ্ছে চেলসিতে সাবেক গুরু সারির সঙ্গে যোগ দিতে যাচ্ছেন আর্জেন্টাইন এই তারকা। শুধু তাই নয়, তাঁকে যে বেতনে দলে ভেড়ানো হচ্ছে সেটি শুনলে চমকে যেতে পারেন।চেলসিতে তাঁর আগমনী জানাচ্ছে প্রায় সবগুলো সংবাদমাধ্যম। তাদের দাবি সপ্তাহে হিগুয়েইনের বেতন হতে পারে দুই লাখ সত্তর হাজার পাউন্ড! এত বেতনে মধ্যবর্তী দলবদলে তাঁকে কোনো ক্লাব দলে নেবে, এমনটা বিশ্বাস করা অনেকের জন্যই কষ্ট হয়ে যাচ্ছে। এসি মিলানেও যে এর প্রায় অর্ধেক বেতন পেতেন হিগুয়েইন।এই মৌসুমের শুরুতে রোনালদোর জুভেন্টাসে আসার পরই নিশ্চিত হয়ে গিয়েছিল ক্লাব ছাড়তে হবে হিগুয়েইনকে। ধারে এসি মিলানে যোগ দেন তিনি। সিরি &lsquo;এ&rsquo; তে ১৫ ম্যাচে তাঁর কাছ থেকে মিলান গোল পেয়েছে ৬টি। মৌসুমে এখন পর্যন্ত ২২ ম্যাচ খেলে করেছেন ৮ গোল। অবশ্য জাতীয় দলের চেয়ে ভালো ফর্মেই আছেন। আর্জেন্টিনার হয়ে গত দুই বছর একটি গোলের দেখাও পাননি সুযোগ সন্ধানী এই স্ট্রাইকার। তবে গোল না পেলেও নতুন নতুন ক্লাব ঠিকই পাচ্ছেন কয়দিন পরপর। মোটা বেতনেই নেওয়া হচ্ছে তাকে।হিগুয়েইনের দলে ভেড়াতে পারলে চেলসির অবশ্য খুশিই হওয়ার কথা। এই মৌসুমে তাদের দুই স্ট্রাইকারের পারফরম্যান্স বেশ হতাশাজনক। আলভারো মোরাতা লিগে এখন পর্যন্ত ১৬ ম্যাচে করেছেন ৫ গোল। ওপরদিকে অলিভিয়ের জিরু ১৮ ম্যাচে করেছেন মাত্র ১ গোল। অর্থাৎ হিগুয়েইন চলতি মৌসুমে একাই দুজনের সমান পারফরমেন্স দেখিয়েছেন নিজ দলের হয়ে। একের ভেতর দুই পেতে চেলসিকে তাই বেশ আগ্রহী মনে হচ্ছে। হিগুয়েইনের চেলসিতে আসার খবরে মোরাতার নতুন ঠিকানা হতে যাচ্ছে অ্যাটলেটিকো মাদ্রিদ। অর্থাৎ চেলসির মূল স্ট্রাইকারে হতে যাচ্ছেন আর্জেন্টিনা, রিয়াল মাদ্রিদ ও জুভেন্টাসের হয়ে খেলা এই তারকা।</p>', '1691962399686880.jpg', '1', '2021-02-17', 1, '2021-02-17 10:58:05', '2021-02-20 04:56:52'),
(55, 16, 'টসে হেরে ব্যাটিংয়ে রাজশাহী', 'টসে-হেরে-ব্যাটিংয়ে-রাজশাহী', '<p>আবারও ঢাকায় ফিরেছে বিপিএল। চট্টগ্রাম পর্ব শুরু হওয়ার আগে তিন দিনে দ্বিতীয় ঢাকা পর্ব চলবে। কুমিল্লা ভিক্টোরিয়ানস ও রাজশাহী কিংসের ম্যাচ দিয়েই শুরু হচ্ছে ঢাকার দ্বিতীয় পর্বে। টসে জিতে ফিল্ডিং নিয়েছে কুমিল্লা। বিপিএলে প্রথম দেখায় রাজশাহীকে হারিয়েছিল কুমিল্লা।কুমিল্লা দলে কোনো পরিবর্তন নেই। দলে জায়গা হয়নি ফর্ম হারানো দুই ওপেনার মুমিনুল হক ও সৌম্য সরকারের। আগের ম্যাচেই ঢাকা ডায়নামাইটসকে হারানো রাজশাহী আজ জিতলেই উঠে আসবে চতুর্থ অবস্থানে।&nbsp;<strong>কুমিল্লা ভিক্টোরিয়ানস:</strong>&nbsp;তামিম ইকবাল, এনামুল হক, ইমরুল কায়েস, সামসুর রহমান, লিয়াম ডসন, থিসারা পেরেরা, শহীদ আফ্রিদি, জিয়াউর রহমান, মোহাম্মদ সাইফউদ্দীন, মেহেদী হাসান, ওয়াহাব রিয়াজ।</p>', '1691962454316007.jpg', '1', '2021-02-17', 1, '2021-02-17 10:58:57', '2021-02-20 04:56:51'),
(56, 16, 'প্রতিশোধ নিল রাজশাহী', 'প্রতিশোধ-নিল-রাজশাহী', '<p>ম্যাচটা শেষদিকে এমন একপেশে রূপ নেবে কে জানত? ১৬ ওভার শেষেও কে জিতবে এ নিয়ে প্রশ্ন ছিল। সে ম্যাচটাই অনায়াসে জিতে নিল রাজশাহী কিংস। মোস্তাফিজুর রহমান ও কামরুল ইসলামের দুর্দান্ত বোলিংয়ের কোনো জবাব ছিল না কুমিল্লা ভিক্টোরিয়ানসের কাছে। ১০ বল আগে অলআউট হয়ে ৩৮ রানে হেরে গেছে কুমিল্লা। লরি ইভান্সের এক দুর্দান্ত সেঞ্চুরির পর দুই পেসারের দারুণ বোলিংই জিতিয়েছে রাজশাহীকে।এর আগে মুহূর্তে মুহূর্তে রং বদলেছে ম্যাচের। প্রথম ওভারে মাত্র ১ রান দিয়েছিলেন কামরুল। প্রথম ধাক্কাও তাঁর। ১৭৬ তাড়া করার মতো উপযুক্ত রানরেট দেখা যাচ্ছিল না কুমিল্লার মাঝে।এনামুল হক ও সামসুর রহমানও রানের গতি বাড়াতে গিয়ে ১০ ওভারেই ফিরেছেন। এরপরই ইমরুল কায়েস ও লিয়াম ডসনের আগ্রাসী রূপে হঠাৎ করেই সুবিধাজনক অবস্থানে চলে এসেছিল কুমিল্লা। ১৪তম ওভারে এসে আবার ম্যাচের নাটাই রাজশাহীর কাছে। কায়েস আহমেদের টানা দুই বাজে বলে উইকেট দিয়ে ফিরেছেন ইমরুল ও থিসারা পেরেরা। পরের ওভারে মোস্তাফিজের বলের ধাঁধায় হতবুদ্ধ হয়ে পড়েছিলেন শহীদ আফ্রিদিরা।</p>', '1691962506919897.jpg', '1', '2021-02-17', 1, '2021-02-17 10:59:47', '2021-02-20 04:56:50'),
(57, 21, 'প্রেম তো মরে না', 'প্রেম-তো-মরে-না', '<p>ধরুন, হঠাৎ দেখা হয়ে গেল রেলগাড়ির কামরায় বা বাসস্ট্যান্ডে। এমনকি হাসপাতালের নিবিড় পরিচর্যা কেন্দ্রের সামনেও হতে পারে। ন্তত দশ বছর পর। চেহারায়, আদলে পরিবর্তন ঘটেছে অনেক। প্রাণবন্ত, চঞ্চল ছিপছিপে তরুণীটি এখন কিছুটা পৃথুলা, পূর্ণবয়স্ক নারী। সংসার-ন্তান সামলে পরিণত জীবনের অভিজ্ঞতার রেখাগুলোকে আড়াল করতে পারেনি প্রসাধনের প্রলেপ। কিন্তু এই নারীকে না চেনা তো অসম্ভব! চমকে উঠেছেন আপনি। ভেবেছেন দ্রুত নিজেকে আড়াল করবেন কিনা। কিন্তু ততক্ষণে চোখাচোখি হয়ে গেছে। আর পনাকে অবাক করে দিয়ে হাত তুলে ডাকল। খুব সহজ-স্বাভাবিক গলায় জানতে চাইল, &lsquo;কেমন আছ?&rsquo;&lsquo;ভালো। তুমি?&rsquo;এরপর পরস্পরের সংসার-সন্তানের শলাদি বিনিময় হলো।আপনার মনে তখন স্মৃতির তোলপাড়। তাঁর মনের অবস্থা অবশ্য বোঝার উপায় নেই। হঠাৎ রবীন্দ্রনাথের কবিতার নারী হয়েই যেন সে জানতে চাইল, &lsquo;আমাদের গেছে যেদিন, একেবারেই কি গেছে?&rsquo;কী উত্তর দেবেন আপনি, সেই রবীন্দ্রনাথের কবিতা ধার করেই ললেন, &lsquo;রাতের সব তারাই আছে দিনের আলোর গভীরে।&rsquo;দশ বছর পর দশ মিনিটের এই আলাপের পর আবার দুজনার দুটি পথ দুটি দিকে গেল বেঁকে। শুধু একটি দীর্ঘশ্বাস বেরিয়ে এল বুক ফুঁড়ে। কত কথা ভিড় করে আসে মনে। চলচ্চিত্রের ফ্ল্যাশব্যাকের মতো অনর্গল ছবির পর ছবি ভেসে ওঠে। টিকিট হাতে সিনেমা হলের সামনে অপেক্ষায় দাঁড়িয়ে থাকার দিন, লাইব্রেরির বারান্দায় বসে দুজনের ঘনিষ্ঠ মুহূর্তগুলো কিংবা নদীর কিনারে বসে দিগন্তলাল সূর্যাস্তের দিকে তাকিয়ে রঙিন ভবিষ্যতের স্বপ্ন বোনা...।</p>', '1691962591605618.jpg', '1', '2021-02-17', 1, '2021-02-17 11:01:08', '2021-02-17 11:01:08'),
(58, 21, 'ফিট থাকতে নো অজুহাত', 'ফিট-থাকতে-নো-অজুহাত', '<p>বলিউড অভিনেত্রী কারিনা কাপুর যখন &lsquo;জিরো ফিগার&rsquo; হয়েছিলেন তখন এসেছিলেন ইয়াসমিন করাচিওয়ালার কাছে। ইয়াসমিনের প্রথম তারকা প্রশিক্ষণার্থী ছিলেন কারিনা। ইয়াসমিন করাচিওয়ালা ও জিনা ধাল্লার লেখা&nbsp;<em>স্কাল্প অ্যান্ড শেপ: দ্য পিলাটিস ওয়ে</em>&nbsp;বইয়ের মোড়ক উন্মোচন অনুষ্ঠানে আরেক বলিউড তারকা আলিয়া ভাট বলেছিলেন, তিনি ক্যাটরিনার মতো হতে চান। ইয়াসমিন যেন তাঁকে ক্যাটরিনার মতো করে দেন। ঢাকার বনানীর ২৩ নম্বর সড়কের ৫০ নম্বর বাড়ির সাততলায় চালু হয়েছে ইয়াসমিন করাচিওয়ালার পিলাটিস স্টুডিও। নিজস্ব ফটোশুট শেষ করে দুপুরের খাবার খেলেন। তাঁর খাবারের তালিকায় ছিল সেদ্ধ সবজি, মুরগি, পনির ও কাঠবাদাম। কথা বলার শুরুতেই বলেন, &lsquo;আমি যেখানেই যাই, নিজের খাবার নিয়ে যাওয়ার চেষ্টা করি। বিশেষ করে বিমান ভ্রমণের সময় অন্য সময়ের চেয়ে বেশি খিদে পায়। আর অতিরিক্ত তেল-মসলার কোনো খাবার আমি খাই না।&rsquo;</p>', '1691962629643741.jpg', '1', '2021-02-17', 1, '2021-02-17 11:01:44', '2021-02-17 11:01:44'),
(59, 21, 'খিচুড়িতে আচারে একটু বিচার', 'খিচুড়িতে-আচারে-একটু-বিচার', '<p>বাঙালি রসনায় ধনী-গরিব সব ঘরে খিচুড়ির কদর রয়েছে। নানা পদে ভোজ সারার ঝামেলায় যেতে না চাইলে উত্তম পথ ওই খিচুড়ি। চাল-ডাল আর কিছু মসলা এক করে চুলায় হাঁড়িটা বসিয়ে দিলেই হলো। সঙ্গে ভাজা মাছ বা মাংসের ঝোল কিংবা ডিম থাকলে তো তোফা! আর যদি একটু আচার হয়&mdash;উফ্&zwnj;, জিবের পানি কে সামলায়! বাড়িতে রান্নার কিছু নেই! চাল-ডাল এক করে পানি ঢেলে চুলায় বসিয়ে দাও হাঁড়ি। হোটেল-রেস্তোরাঁর খাবারের তালিকায় খিচুড়ি ঢুকে পড়ায় এর সমাদর অনেক বেড়ে গেছে। ফুটপাতের খাবারের টং দোকান থেকে অভিজাত রেস্তোরাঁর মেন্যুতে সগৌরবে স্থান করে নিয়েছে খিচুড়ি।একটু বৃষ্টি হলে, হিমেল ভাব থাকলে আয়েশ করে খিচুড়ি খেতে পছন্দ করেন অনেকে। তবে খিচুড়ি কোনো মৌসুমি খাবার নয়; বারো মাসই চলে।</p>', '1691962653847170.jpg', '1', '2021-02-17', 1, '2021-02-17 11:02:07', '2021-02-17 11:02:07'),
(60, 21, 'যুগ পেরিয়ে মম', 'যুগ-পেরিয়ে-মম', '<p>দরজা খুলতেই নাকে একটা গন্ধ এল। মাংস কষানোর ঘ্রাণ। অভিনেত্রী জাকিয়া বারী মম দরজা খুলে দিয়ে বসার ঘর দেখিয়ে দিলেন। জানতে চাইলাম, এই ঘ্রাণের উৎস কি পাশের বাসা?একচোট হেসে নিলেন মম, &lsquo;না, আমার রান্নাঘর। হাঁসের মাংস চড়িয়েছি, সঙ্গে চালের গুড়ার রুটি।&rsquo; বসতে বসতেই খানিকটা ইতস্তত করে বললাম, &lsquo;নায়িকারা রান্না করার সময় পায়?&rsquo; এবার রে রে করে উঠলেন মম। শুনিয়ে দিলেন সেই চিরাচরিত বাণী, যে রাঁধে, সে চুলও বাঁধে। তারপর মাংসে ঝোল দিতে হবে বলে উঠলেন। সহকারীকে কাজটা বুঝিয়ে দিয়ে এসে বসলেন মুখোমুখি।অভিনেত্রী জাকিয়া বারী মম অভিনয়জীবনের এক যুগ পার করে, ১৩তম বছরটি শুরু করেছেন। বিগত এক যুগের ভ্রমণ নিয়ে কথা বলতেই সম্প্রতি মুখোমুখি হয়েছিলাম তাঁর উত্তরার বাসায়। আগের দিন নেপাল থেকে ফিরেছেন। শুরু করলেন নেপালের শীতের গল্প। সেসব শেষ হলে আমরা জানতে চাই ১২ বছরের কথা। মম ১২ বছর নয়, তারও আগের গল্প দিয়ে শুরু করেন। সেই ব্রাহ্মণবাড়িয়ার গল্প, যেখানে মমর বেড়ে ওঠা, &lsquo;আমার বয়স যখন তিন-চার বছর, তখন থেকেই আমি নাচ শিখতাম। ঢাকায় আসার পর নাচে নিয়মিত হয়েছি। রতন স্যার (নৃত্যশিল্পী কবিরুল ইসলাম) আর মৌ আপুদের (সাদিয়া ইসলাম) যে সংগঠন নৃত্যলোক, সেখানে একটানা ১০ বছর নাচ করেছি।&rsquo;</p>', '1691962700243148.jpg', '1', '2021-02-17', 1, '2021-02-17 11:02:51', '2021-02-17 11:02:51'),
(62, 21, 'অন্দরে বড়দিন', 'অন্দরে-বড়দিন', '<p>খাবার টেবিলেও বড়দিেনর আবহবড়দিন উৎসবের আবহ নিয়েই আসে। সেই ছোঁয়া যদি অন্দরে না থাকে, তাহলে কি চলে! তাই ঘরদোর এদিনে সাজিয়ে&ndash;গুছিয়ে রাখা চাই। হোক সেটা মূল ফটক, হোক বাড়ির উঠান, বারান্দা বা ঘরের একটি কোনা। ঠিকঠাক সাজাতে পারলে পুরো বাড়িতে ফিরে আসবে বড়দিনের আবহ।&lsquo;একটা সময় আমাদের দেশের পাঁচ তারকা হোটেলগুলোতেই বড়দিনের সাজসজ্জা চোখে পড়ত। কিন্তু বেশ কিছু বছর ধরে বদলেছে এই ধারা। অনেকেই এখন বিশেষভাবে ঘরবাড়ি সাজিয়ে তোলেন&nbsp; ছোট দোকান বা বাড়িঘরগুলো ভিন্ন ভিন্ন উপায়ে সাজানোর চেষ্টা দেখা যায়।&rsquo; জানালেন ইন্টেরিয়র ডিজাইনার গুলশান নাসরিন চৌধুরী।</p>', '1691962821106076.jpg', '1', '2021-02-17', 1, '2021-02-17 11:04:26', '2021-02-17 11:04:47'),
(63, 21, 'নতুন বছর নতুন ঘর', 'নতুন-বছর-নতুন-ঘর', '<p>সারা দিন শেষে মন যেখানে শান্তি খুঁজে পায়, স্বস্তি খুঁজে পায়&mdash;আমাদের সাজানো&ndash;গোছানো আবাসস্থল। হতে পারে সেটা একটি বিশাল বাড়ি, হতে পারে সেটা একটি বড় ফ্ল্যাট অথবা ৮০০ থেকে এক হাজার স্কয়ার ফিটের একটি ছোট ফ্ল্যাট। সামর্থ্য ও রুচি অনুযায়ী বাড়িকে সাজাই আমরা। বসবাসের জায়গাটা ছোট হোক অথবা বড়, সেটা যদি হয় ছিমছাম আর পরিপাটি, বাড়িতে ঢুকলেই মন ভালো হয়ে যাবে।<br />\r\nকেউ যদি দেশীয় পণ্য দিয়ে ঘর সাজাতে চান, তবে সে ক্ষেত্রে ডিজাইনার বাঁশ, বেত, পাট, মাটির পটারি, নকশিকাঁথা, শতরঞ্চি, শীতলপাটি, গ্রামীণ চেকের কাপড় ইত্যাদি ব্যবহার করেও ঘর সাজাতে পারেন। যেমন একটা ফ্ল্যাটে ঢোকার মুখে, দরজার বাইরের দেয়ালে একটু গাঢ় রং ব্যবহার করতে পারেন। বেতের বা কাঠের ফ্রেমের আয়না ঝোলাতে পারেন। অতিথি বা বাড়ির সদস্যরা বাসায় ঢোকার আগে নিজেকে একটু দেখে নিতে পারেন। আয়নার পাশে দেয়ালে টেরাকোটা দেয়াল শো&ndash;পিস লাগতে পারে। আবার কাঠের বা বড় আয়রনের র&zwnj;্যাক ঝুলিয়ে, তাতে ছোট ছোট পটে মানিপ্ল্যান্ট, ক্যাকটাস বা অন্য কোনো গাছ লাগাতে পারেন।</p>', '1691962880517618.jpg', '1', '2021-02-17', 1, '2021-02-17 11:05:43', '2021-02-17 11:05:43'),
(64, 20, 'অফিস ব্যবস্থাপনা শিখতে চাইলে', 'অফিস-ব্যবস্থাপনা-শিখতে-চাইলে', '<p>সারা বিশ্বে &lsquo;অফিস ব্যবস্থাপনা&rsquo; কর্মীদের দক্ষতা যাচাইয়ের একটি গুরুত্বপূর্ণ অংশ। দাপ্তরিক কার্যক্রম সম্পাদনের জন্য সুষ্ঠু অফিস ব্যবস্থাপনা একটি অপরিহার্য বিষয়। শিল্প মন্ত্রণালয়ের আওতাধীন বাংলাদেশ ক্ষুদ্র ও কুটির শিল্প করপোরেশনের প্রতিষ্ঠান, স্কিটি ১৯৮৫ সাল থেকে দক্ষ জনশক্তি গড়ার জন্য এ পর্যন্ত ৫০ হাজারের অধিক প্রশিক্ষণার্থীকে প্রশিক্ষণের মাধ্যমে দক্ষ জনশক্তিতে রূপান্তর করেছে। যাঁরা চাকরি খুঁজছেন, তাঁরা স্কিটির সঙ্গে যোগাযোগ করতে পারেন। এতে বিভিন্ন প্রতিষ্ঠানে যোগ দেওয়ার ক্ষেত্রে কর্মীর বাড়তি যোগ্যতা হিসেবে গণ্য হবে। এই কোর্সটি একজন পেশাজীবী এবং নতুন যাঁরা চাকরিতে প্রবেশ করতে যাচ্ছেন, তাঁদের সবার জন্যই সমানভাবে গুরুত্বপূর্ণ বলে জানান কোর্সটির পরিচালক মো. মোফাজ্জেল হোসেন।<strong>আবেদনের যোগ্যতা</strong>অফিস ব্যবস্থাপনা কোর্সে আবেদনের জন্য&nbsp;<strong>কোর্সের বিষয়বস্তু</strong>মোফাজ্জেল হোসেন বলেন, এই কোর্সের বিষয়বস্তু হচ্ছে, অফিসের কার্যাবলি, অফিস সংগঠন ও ব্যবস্থাপনা, অফিস ম্যানুয়াল, অফিস শৃঙ্খলা, কর্মী নির্বাচন ও পদোন্নতি, ফাইলিং ও রেকর্ড ব্যবস্থাপনা, অফিসের অবস্থান ও বিন্যাস, অফিস বাজেট, নোট ও পত্রলিখন, মালামাল ক্রয়পদ্ধতি, অফিস তত্ত্বাবধান, সিদ্ধান্ত গ্রহণ পদ্ধতি ইত্যাদি। অফিস ব্যবস্থাপনা কোর্সটি আগামী ১০ থেকে ১৪ ফেব্রুয়ারি স্কিটিতে অনুষ্ঠিত হবে।</p>', '1691963010573002.jpg', '1', '2021-02-17', 1, '2021-02-17 11:07:47', '2021-02-17 11:07:47'),
(65, 20, 'বিশ্বের ১৬৮টি দেশে বাংলাদেশি শ্রমিক কাজ করছে ১ কোটি ২০ লাখ', 'বিশ্বের-১৬৮টি-দেশে-বাংলাদেশি-শ্রমিক-কাজ-করছে-১-কোটি-২০-লাখ', '<p>দক্ষিণ কোরিয়ায় নিযুক্ত বাংলাদেশের রাষ্ট্রদূত আবিদা ইসলাম মঙ্গলবার সিউলে বাংলাদেশ দূতাবাসে আন্তর্জাতিক অভিবাসী&nbsp;দিবস উপলক্ষে আয়োজিত এক অনুষ্ঠানে এ তথ্য তুলে ধরেন।অপরদিকে জাপানের টোকিওস্থ বাংলাদেশ দূতাবাসও আন্তর্জাতিক অভিবাসী দিবস পালন করেছে। এ উপলক্ষে বুধবার (১৯ডিসেম্বর) টোকিওস্থ বাংলাদেশ দূতাবাসের বঙ্গবন্ধু মিলনায়তনে আয়োজিত এক অনুষ্ঠানে জাপানে নিযুক্ত বাংলাদেশের রাষ্ট্রদূত রাবাব ফাতিমা বক্তৃতা&nbsp;করেন।তিনি জাপান প্রবাসী বাংলাদেশিসহ সকল অভিবাসীকে দেশের উন্নয়নে ও সুনাম বৃদ্ধিতে আরো বেশি দেশপ্রেম, নিষ্ঠা ও সততার সাথে কাজ করার আহ্বান জানান।দিবসটি উপলক্ষে উভয় দেশেই দূতাবাসের অনুষ্ঠানে বাংলাদেশের রাষ্ট্রপতি, প্রধানমন্ত্রী, পররাষ্ট্রমন্ত্রী এবং প্রবাসীকল্যাণ ও বৈদেশিক কর্মসংস্থান মন্ত্রীর দেয়া বাণী পাঠ করা হয়।বুধবার ঢাকায় প্রাপ্ত পৃথক সরকারি তথ্য বিবরণীতে এসব কথা জানানো হয়। টোকিওস্থ বাংলাদেশের রাষ্ট্রদূত রাবাব ফাতিমা দিবসটির তাৎপর্য ও গুরত্ব তুলে ধরে বাংলাদেশের জনসংখ্যাকে জনসম্পদে রূপান্তর করতে এবং অভিবাসীদের কল্যাণে বাংলাদেশের বর্তমান সরকারের গৃহীত বিভিন্ন পদক্ষেপের কথা উল্লেখ করেন। অনুষ্ঠানে বাংলাদেশী অভিবাসীদের সম্ভাবনা ও সার্থকতা নিয়ে একটি ভিডিও ডকুমেন্টরি প্রদর্শন করা হয়।এছাড়াও উপস্থিত অভিবাসীদের সাথে মুক্ত আলোচনা অনুষ্ঠিত হয়। আলোচনায় জাপানে কীভাবে বাংলাদেশী অভিবাসীর সংখ্যা বৃদ্ধি করা যায়, অভিবাসীদের সমস্যা দূর করার উপায় এবং কীভাবে দেশে বৈধ পথে এবং সহজে আরো বেশি রেমিটেন্স পাঠানো যায় সেসব বিষয় উঠে আসে। অভিবাসীগণ জাপানে পড়তে আসা ছাত্রছাত্রীদের আসার পথ সুগম করা এবং লেখা-পড়া শেষে কাজ করার বিষয়ে দূতাবাসের সহযোগিতা কামনা করেন।</p>', '1691963059368681.jpg', '1', '2021-02-17', 1, '2021-02-17 11:08:34', '2021-02-17 11:08:34'),
(66, 20, 'মদের সঙ্গে জড়িতদের সম্পর্কে প্রিয়নবি যা বলেছেন', 'মদের-সঙ্গে-জড়িতদের-সম্পর্কে-প্রিয়নবি-যা-বলেছেন', '<p>হজরত আব্দুল্লাহ ইবনে ওমর রাদিয়াল্লাহু আনহু ছিলেন তাঁর পিতা আমিরুল মুমিনিন হজরত ওমর রাদিয়াল্লাহু আনহুর মতোই। তাঁরা উভয়েই রাসুলুল্লাহ সাল্লাল্লাহু আলাইহি ওয়া সাল্লামের কথা ও কাজের একান্ত অনুসরণ ও অনুকরণকারী।প্রিয়নবি সাল্লাল্লাহু আলাইহি ওয়া সাল্লামের আদেশ, নিষেধ, নসিহত ও বিধানাবলীর প্রচার প্রসারেও ছিলেন একনিষ্ঠ। উদ্দেশ্য একটাই আল্লাহর নৈকট্য অর্জন এবং মানুষকে দ্বীনের সঠিক দেখানো।বর্তমান সময়ে অধিকাংশ মানুষ মাদকে আষক্ত। মাদকের ছোবলে শিশু, কিশোর যুবক বৃদ্ধ টালমাটাল। এসব মাদকের মধ্যে মদ অতি প্রাচীন কাল থেকেই সমাজ পরিচিত। হেরোইন, গাঁজা, ইয়াবাসহ আরো কতো মাদক রয়েছে।এ সব মাদক ব্যবহারকারী ব্যক্তিকে শুধু আল্লাহ অভিশপ্ত করেননি, এ মাদকের সঙ্গে জড়িত আরো ৮ শ্রেণির লোক রয়েছে যারা সমান অপরাধী। হাদিসে সে সব ব্যক্তি সম্পর্কে সুস্পষ্ট ঘোষণা এসেছে-হজরত আব্দুল্লাহ ইবনে ওমর রাদিয়াল্লাহু আনহু বর্ণনা করেন, রাসুলুল্লাহ সাল্লাল্লাহু আলাইহি ওয়া সাল্লাম বলেছেন, আল্লাহ তাআলা (মদসহ ও মদের সঙ্গে সংশ্লিষ্ট ৮ শ্রেণির ব্যক্তির ওপর) লানত তথা অভিশাপ দিয়েছেন। তাহলো-</p>', '1691963093314365.jpg', '1', '2021-02-17', 1, '2021-02-17 11:09:06', '2021-02-17 11:09:06'),
(67, 23, 'কুরআনের সবচেয়ে ছোট্ট পাণ্ডুলিপি প্রদর্শনী', 'কুরআনের-সবচেয়ে-ছোট্ট-পাণ্ডুলিপি-প্রদর্শনী', '<p>ইউরোপ ও এশিয়া মহাদেশ মিলে যে দেশ গঠিত তাহলো তুরস্ক। তুরস্কের অধিকাংশ অঞ্চল এশিয়াতে পড়লেও রাজধানী পড়েছে ইউরোপ অংশে। মুসলিম সংখ্যাধিক্য দেশ তুরস্কে মুসলমানদের পবিত্র ধর্মগ্রন্থের কুরআনের সবচেয়ে ক্ষুদ্র পাণ্ডুলিপির প্রদর্শনী চলছে।তুরস্কের কুরআন প্রদর্শনীতে প্রদর্শিত কুরআনের কপিগুলো এতই ক্ষুদ্র অক্ষরে মুদ্রিত যে, মাইক্রোস্কোপ ছাড়া খালি চোখে কুরআনের এ পাণ্ডুলিপিগুলো পড়াও সম্ভব নয়। তুর্কি গণমাধ্যম ইয়েনিসাফাক-এ এক প্রতিবেদন প্রকাশিত হয়।কুরআনের ক্ষুদ্রতম শিল্পকর্মের প্রদর্শনীটি তুরস্কে এবারই প্রথম। এ প্রদর্শনীটি তুরস্কের আয়ডিন প্রদেশের পশ্চিমাঞ্চলীয় জেলা শহর কুসাদাসি শুরু হয়।এ প্রদর্শনীতে কুরআনের ক্ষুদ্রতম শিল্পকর্মটি করেছেন ক্যালিগ্রাফার আর্টিস্ট নেকাতি কর্কমাজ। তার এ কর্মটিও সাধারণত খালি চোখে দেখে পড়া সম্ভব নয়।নেকাতি কর্কমাজ বিশ্বের তিনজন ক্ষুদ্র ভাস্কর্য নির্মাতাদের একজন। তিনি দীর্ঘ তিন বছরে এক সেন্টিমিটার পরিমাপের এই ক্ষুদ্র কুরআন তৈরি করেছেন। কুরআনের এ কপিটি একটি সুই বা পিনের মাথায় রাখা সম্ভব।কুরআনের ক্ষুদ্র কপিটি তৈরিতে তিনি চুল দিয়ে তৈরি একটি ব্রাশ ব্যবহার করেছেন। যা তিনি রাত জেগে জেগে সম্পন্ন করেছেন।শিল্পী নেকাতি কর্কমাজ ইতিপ্রর্বে একটি মশুরি দানায় আল্লাহর ৯৯টি নাম এবং একটি চুলে বিসমিল্লাহির রাহমানির রাহিম লিখেছিলেন।</p>', '1691963167365401.jpg', '1', '2021-02-17', 1, '2021-02-17 11:10:17', '2021-02-17 11:10:17'),
(68, 23, 'পাঁচ ওয়াক্ত নামাজ কি কুরআন দ্বারা প্রমাণিত?', 'পাঁচ-ওয়াক্ত-নামাজ-কি-কুরআন-দ্বারা-প্রমাণিত?', '<p>অনেকেই বলেন পাঁচ ওয়াক্ত নামাজকে কুরআন দ্বারা প্রমাণিত নয়। অথচ আল্লাহ তাআলা মেরাজের রাতে প্রিয়নবি সাল্লাল্লাহু আলাইহি ওয়া সাল্লামকে ৫০ ওয়াক্ত থেকে ৫ ওয়াক্ত নামাজ নির্ধারিত করে উম্মতের জন্য উপহারস্বরূপ পেশ করেন। আর মানুষের জন্য প্রতিদিন এ পাঁচ ওয়াক্ত নামাজ আদায় করা ফরজ।নামাজের এ ওয়াক্তগুলো পবিত্র কুরআনুল কারিমের আয়াত দ্বারা প্রমাণিত। কোন কোন সময় এ নামাজ আদায় করতে হবে তারও নির্দেশ এসেছে কুরআনে। অনেকেই বলে থাকেন কুরআনে পাঁচ ওয়াক্ত নামাজের নির্দেশনা কোথায়? কুরআনে তো এ কথা উল্লেখ নেই।আসলেই পবিত্র কুরআনুল কারিমের নির্দেশনা অনুযায়ী প্রতিদিন ৫ ওয়াক্ত নামাজ নির্ধারিত। আল্লাহ তাআলা সময়গুলো সুস্পষ্ট করে দিয়ে বলেন-সুতরাং তোমরা আল্লাহর তাসবিহ আদায় কর, যখন সন্ধ্যায় (মাগরিব ও ইশার নামাজ দ্বারা) উপনীত হবে এবং সকালে (ফজর নামাজ দ্বারা) উঠবে। আর অপরাহ্নে (আসর নামাজ দ্বারা) ও জোহরের সময়ে। আর আসমান ও জমিনে সব প্রশংসা একমাত্র তাঁরই।&rsquo; (সুরা রূম : আয়াত ১৭-১৮)আরও পড়ুন &gt; নামাজ সময় মতো পড়তে না পারলে &lsquo;কাজা&rsquo; আদায়ে করণীয়<br />\r\nআল্লাহ তাআলা সুরা রূমের উল্লেখিত দু&rsquo;টি আয়াতে তাসবিহ বলতে নামাজ পড়াকে বুঝিয়েছেন। এ আয়াতদ্বয়ে যে সময়ের কথা বলা হয়েছে তাহলো- পাঁচ ওয়াক্ত নামাজের সময়ের কথা।</p>', '1691963229011633.jpg', '1', '2021-02-17', 1, '2021-02-17 11:11:16', '2021-02-17 11:11:16'),
(69, 23, 'কুরআনের হাতে লেখা কপি বিক্রি বন্ধ', 'কুরআনের-হাতে-লেখা-কপি-বিক্রি-বন্ধ', '<p>হাতে লেখা কুরআনুল কারিমের যে কোনো পাণ্ডুলিপি বিক্রি বন্ধ করতে সফল হয়েছে মিসর। মিশরীয় প্রকাশনা ও ডকুমেন্টেশন সেন্টার পবিত্র কুরআনের হাতে লিখিত একটি প্রাচীন পাণ্ডুলিপি বিক্রি বন্ধ করতে সক্ষম হয়েছে।হাতে লেখা কুরআনের এ পাণ্ডুলিপিটি বিক্রয়কারী একটি দল &lsquo;আতলাস উসমানি সাদিস&rsquo; নামে প্রসিদ্ধ পবিত্র কুরআনের হাতে লেখা এ পাণ্ডুলিপিটি মিসরের বাইরে নিয়ে বিক্রি করার চেষ্টা করেছিল। কিন্তু তারা সক্ষম হয়নি।মিসরের মাহমুদ রাফিফ আফান্দির হাতে লেখা &lsquo;আতলাস উসমানি সাদিস&rsquo; নামে প্রসিদ্ধ পবিত্র কুরআনের প্রাচীন পাণ্ডুলিপিটি জার্মানের কর্মকর্তাদের সহযোগিতায় মিশরীয় প্রকাশনা ও ডকুমেন্টেশন সেন্টারে ফিরিয়ে নিতে সক্ষম হয়েছেন।এ পাণ্ডুলিপিটি ১৯ শতকের অন্তর্গত। একদল বিক্রয়কারী জার্মানির বার্লিন শহরে নিলামে উঠিয়েছিল এ পাণ্ডুলিপিটি এবং এর মূল্য ২৮,০০০ ইউরোয় পৌঁছেছিল।তবে জার্মান প্রশাসনের কর্মকর্তাদের সহযোগিতায় মিশরীয় প্রকাশনা ও ডকুমেন্টেশন সেন্টার এই পাণ্ডুলিপিটিকে মিশরে ফিরিয়ে নিতে সক্ষম হয়েছেন। কুরআনের এ পাণ্ডুলিপিটির বিক্রি বন্ধ করতে জার্মানরাও যথেষ্ট সহযোগিতা করেছেন।</p>', '1691963274064797.jpg', '1', '2021-02-17', 1, '2021-02-17 11:11:59', '2021-02-17 11:11:59'),
(70, 23, 'যে ব্যক্তিকে কখনো দুঃখ-দুর্দশা স্পর্শ করবে না', 'যে-ব্যক্তিকে-কখনো-দুঃখ-দুর্দশা-স্পর্শ-করবে-না', '<p>সুখ দুঃখ মানুষের জীবনে মুদ্রার এপিঠ-ওপিঠের মতো জড়িত। কিন্তু ভালো কাজের ফলে কখনো কখনো দুঃখ-দুর্দশা মানুষকে স্পর্শও করতে পারে না। যারা আল্লাহ বিধান মেনে চলার পাশাপাশি আল্লাহ তাআলার ছোট্ট একটি গুণবাচক নামের আমল করে তারা কখনো দুঃখ-দুর্দশায় পতিত হবে না।হাদিসে এসেছে রাসুলুল্লাহ সাল্লাল্লাহু আলাইহি ওয়া সাল্লাম বলেছেন, &lsquo;আল্লাহ তাআলার ৯৯টি গুণবাচক নাম আছে। যে ব্যক্তি এ গুণবাচক নামগুলোর জিকির (আমল) করবে; সে জান্নাতে যাবে।&rsquo;দুঃখ-দুর্দশা থেকে মুক্ত থাকতে আল্লাহ তাআলার গুণবাচক নাম (اَلْوَارِثُ) &lsquo;আল- ওয়ারেছু&rsquo;-এর নিয়মিত আমলই যথেষ্ট।উচ্চারণ : &lsquo;আল- ওয়ারেছু&rsquo;অর্থ : &lsquo;সব কিছু ধ্বংস করার পর যিনি পুনরায় সব কিছুর অধিপতি&rsquo;ফজিলত ও আমল&ndash; যে ব্যক্তি নিয়মিত (প্রতিদিন) সূর্য ওঠার সময় আল্লাহ তাআলার গুণবাচক নাম (اَلْوَارِثُ) আল- ওয়ারেছু&rsquo; ১০০ বার পাঠ করবে, সে ব্যক্তি কখনো দুঃখ-দুর্দশায় পতিত হবে না।</p>', '1691963320573955.jpg', '1', '2021-02-17', 1, '2021-02-17 11:12:43', '2021-02-17 11:12:43'),
(71, 23, 'মৃত্যুর পরও কি মানুষ সাওয়াব পাবে?', 'মৃত্যুর-পরও-কি-মানুষ-সাওয়াব-পাবে?', '<p>মৃত্যু মানুষের সব রঙিন পরিচয়, কাজ ও ভালো-মন্দের লাভ/ক্ষতি মুছে দেয়। মৃত্যুর সঙ্গে সঙ্গে মানুষের সব আমল কি বন্ধ হয়ে যায়? না, মানুষের সব আমল সাওয়াব কিংবা ক্ষতি বন্ধ হয় না। মানুষ মৃত্যুর আগে যে কাজ করে যায়, তার ভালো-মন্দ আমলনামায় পৌছতে থাকে।হাদিসে পাকে প্রিয়নবি সাল্লাল্লাহু আলাইহি ওয়া সাল্লাম ঘোষণা করেছেন-&lsquo;মৃত্যুর পরও মানুষের দুই ধরণের আমল অব্যাহত থাকে। তার একটি হলো- মৃতের এমন আমল যা তার জন্য সদকায়ে জারিয়া হতে পারে। আর দ্বিতীয়টি হলো- এমন আমল, যা মৃত ব্যক্তির জন্য জীবিতরা করে থাকে।&rsquo;আবার মৃতব্যক্তি যদি জীবিত থাকাকালীন সময়ে এ সব কাজের উল্টো করে থাকে। অর্থাৎ ভালো কাজের পরিবর্তে এমন মন্দ কাজ করে যায় যে, তার মৃত্যুর পরও সে কাজ চলতে থাকে। আবার এমন ওয়ারিশ রেখে যায়, যারা তার শিক্ষা অনুযায়ী মন্দ কাজে ধাবিত হয়, তবে সেসব মন্দ কাজ ও মন্দ লোকদের করা গোনাহ সে ব্যক্তির আমলনামায় যোগ হতে থাকে।মৃতব্যক্তির আমলনামায় যেসব সাদকা যোগ হয়&ndash; হজরত আবু হুরায়রা রাদিয়াল্লাহু আনহু প্রিয়নবি থেকে বর্ণনা করেন, রাসুলুল্লাহ সাল্লাল্লাহু আলাইহি ওয়া সাল্লাম বলেন, &lsquo;মানুষ যখন মারা যায়, তখন তার সমস্ত আমলের দরজা বন্ধ হয়ে যায়। তবে তিনটি আমলের দরজা বন্ধ হয় না-</p>', '1691963378805117.jpg', '1', '2021-02-17', 1, '2021-02-17 11:13:39', '2021-02-17 11:13:39'),
(72, 23, 'কাঁচের তৈরি এ কেমন মসজিদ!', 'কাঁচের-তৈরি-এ-কেমন-মসজিদ!', '<p>প্যারাডাইজ হ্যাজ ম্যানি গেটস&rsquo; নামক আর্ট প্রকল্পের আওতায় প্রথম বারের মতো নির্মিত হলো ট্রান্সপারেন্ট বা স্বচ্ছ মসজিদ। এ মসজিদটি সৌদি আরাবিয়ায় অবস্থিত। এটা দেখতে অনেক চমৎকার!&lsquo;প্যারাডাইজ হ্যাজ ম্যানি গেটস&rsquo; অর্থাৎ &lsquo;জান্নাতে অনেক দরজা&rsquo; নামক প্রকল্পটি সৌদি বংশোদ্ভুত শিল্পী আজলান ঘরেম দ্বারা পরিচালিত। তার শৈল্পিক চিন্তায় তৈরি এ মসজিদটির পেছনে রয়েছে সুন্দর একটি ধারণা।শিল্পী আজলান ঘারেম মসজিদটি নির্মাণ করেছেন স্টিল, প্লেক্সিগ্লাস, অ্যালুমিনিয়ামের সঙ্গে বৈদ্যুতিক আলোর সংযোজন ঘটিয়েছেন।অত্যাচারের বিরুদ্ধে শিল্পীর অভিনব প্রতিবাদএ মসজিদ নির্মাণে তাদের অন্যায়ের প্রতিবাদ করা হয়েছে যারা একই মেটরিয়ালস স্টিল, প্লেক্সিগ্লাস, অ্যালুমিনিয়ামের সঙ্গে বৈদ্যুতিক সংযোগে সীমান্ত বেড়া তৈরি করে অসহায় অভিবাসীদের আগমন ঠেকিয়েছে। মজলুম মানুষকে অত্যাচার নির্যাতন চালাচ্ছে কারাগার প্রকোষ্ঠে। আর তাহলো ইউরোপের সীমান্ত দেয়াল এবং মার্কিন যুক্তরাষ্ট্রের সামরিক জেল গুয়ান্তানামো বে।তার এ চমৎকার ধারণায় প্রতিবাদস্বরূপ মসজিদ নির্মাণে সে মানুষের কাছ থেকে অনেক প্রশংসা লাভ করেছে।শিল্পী আজলান ঘারেম-এর নির্মিত এ মসজিদটি কানাডার ভ্যানকুজারের ভ্যানিয়ার পার্কে দুই বছরের জন্য নেয়া হয়েছে। যাতে মানুষ এ মসজিদটির সৌন্দর্য দেখতে পারে। দুই বছর পর এটি আবার সৌদি আরব নিয়ে আসা হবে। অথবা অন্য কোথাও নিয়ে যাওয়া হবে যাতে আরো বেশি মানুষ সুন্দর ধারণার এ মসজিদ দেখতে পারে।শিল্পী আজলান ঘারেম তার এ অসামান্য আইডিয়ার আলোকে তৈরি মসজিদটির জন্য পেয়েছেন বিশ্বব্যাপী অনেক প্রশংসা।এ মসজিদটি পরিদর্শনে আসা লোকদের বক্তব্য হলো এমন যে, আজলান ঘারেম উন্নত ধারণায় এ স্বচ্ছ মসজিদ নির্মাণ করে একটি সহজ পদ্ধতিতে শক্তিশালী অন্যায়ের প্রতিবাদী বার্তা দিয়েছেন। এ শিল্পটির গুরুত্ব ব্যক্তি বিশেষর চিন্তাভাবনার ওপর নির্ভর করবে।কেননা তা দেখতে যেমন সুন্দর এবং স্বচ্ছ। আর প্রতিবাদের ভাষাও তা গুরুত্বের দাবি রাখে। সীমান্তে তারের বেড়া দিয়ে মানুষকে অনিশ্চিত মৃত্যু মুখে ঠেলে দেয়া যেমন নিরাপদ নয়, আবার তারের ভাঙ্কারে মানুষকে বন্দী রেখে অত্যাচার নির্যাতন চরম মানবাধিকার লঙ্ঘনের শামিল।আর শিল্পী আজলান জান্নাতের নমুনায় স্টিল, অ্যালুমিনিয়াম ও প্লেক্সিগ্লাসে বৈদ্যুতিক আলোর আবহে মসজিদ তৈরি করে তাতে শান্তির ইবাদত নামাজ পড়ার মাধ্যমে নিরাপদ ও নিরাপত্তার বার্তাই পৌছে দিয়েছেন।কেননা ইবাদত কিংবা উপাসনা সবসময় শান্তির সাথে সংযুক্ত থাকে। তাই শিল্পী আজলান ঘারেম প্রতিবাদ স্বরূপ মুসলমানদের নির্যাতনে কিংবা অসহায় মুসলমানদের ইউরোপে প্রবেশ ঠেকাতে একই উপাদান দিয়ে তৈরি করেছেন শান্তির স্থান মসজিদ।সুতরাং শিল্পী আজলান ঘারেমের সুন্দর স্বচ্ছ ও নিরাপদ স্থান মসজিদ তৈরি আইডিয়ার সঙ্গে নিজে থাকুন এবং অন্যকেও রাখুন। নিঃসন্দেহে তা বিশ্বব্যাপী শান্তির বার্তা ছড়িয়ে দেবে।</p>', '1691963418195820.jpg', '1', '2021-02-17', 1, '2021-02-17 11:14:16', '2021-02-17 11:14:16'),
(73, 24, 'ঢাবিতে অটিজম বিষয়ক কোর্সের উদ্বোধন', 'ঢাবিতে-অটিজম-বিষয়ক-কোর্সের-উদ্বোধন', '<p>ঢাকা বিশ্ববিদ্যালয়ে &lsquo;অ্যাডভান্সড কোর্স অন ডিজঅ্যাবেলিটি, অটিজম এন্ড ইনক্লুসিভ এডুকেশন&rsquo; শীর্ষক একটি নতুন কোর্সের উদ্বোধন করা হয়েছে।আজ বিশ্ববিদ্যালয়ের শিক্ষা ও গবেষণা ইনস্টিটিউটের উদ্যোগে ইনস্টিটিউট মিলনায়তনে প্রধান অতিথি হিসেবে উপস্থিত থেকে উপাচার্য অধ্যাপক ড. মো. আখতারুজ্জামান এই কোর্সের আনুষ্ঠানিক উদ্বোধন করেন।ইনস্টিটিউটের পরিচালক অধ্যাপক সৈয়দা তাহমিনা আখতারের সভাপতিত্বে এতে বিশেষ অতিথি ছিলেন সমাজকল্যাণ মন্ত্রনালয়ের অতিরিক্ত সচিব সুশান্ত কুমার প্রামানিক, শিক্ষা মন্ত্রণালয়ের যুগ্ম সচিব সালমা জাহান এবং ঢাবি যোগাযোগ বৈকল্য বিভাগের প্রতিষ্ঠাতা চেয়ারম্যান অধ্যাপক ড. হাকিম আরিফ।</p>', '1691963454673528.jpg', '1', '2021-02-17', 1, '2021-02-17 11:14:51', '2021-02-17 11:14:51'),
(74, 24, 'ডিগ্রি ২য় বর্ষ (পাস) ও সার্টিফিকেট কোর্সের ফল প্রকাশ', 'ডিগ্রি-২য়-বর্ষ-(পাস)-ও-সার্টিফিকেট-কোর্সের-ফল-প্রকাশ', '<p>জাতীয় বিশ্ববিদ্যালয়ের (এনইউ) অধীনে অনুষ্ঠিত ২০১৭ সালের ডিগ্রি পাস ও সার্টিফিকেট কোর্স ২য় বর্ষ পরীক্ষার ফল আজ সন্ধ্যায় প্রকাশ করা হয়েছে।সারাদেশের ১ হাজার ৮ শ&rsquo; ১৫ টি কলেজের মোট ৬ শ&rsquo; ৯৩ টি কেন্দ্রে ২ লাখ ২২ হাজার ৩ শ&rsquo; ৯২ জন পরীক্ষার্থী এ পরীক্ষায় অংশগ্রহণ করেছেন।গড় উত্তীর্ণের হার ৯৪ দশমিক ২৭ শতাংশ। পরীক্ষার্থীর ফলাফল বিশ্ববিদ্যালয়ের ওয়েবসাইট (<a href=\"http://www.nubd.info/\">www.nu</a>.edu.bd/results) থেকে এবং যে কোন মোবাইল থেকে মেসেজ অপশনে গিয়ে nu&lt;space&gt; deg &lt;space&gt; roll. No লিখে 16222 নম্বরে Send করে ফল পাওয়া যাবে।</p>', '1691963492107682.jpg', '1', '2021-02-17', 1, '2021-02-17 11:15:27', '2021-02-17 11:15:27'),
(75, 24, 'শীতকালীন ছুটি শেষে ইবি খুলছে কাল', 'শীতকালীন-ছুটি-শেষে-ইবি-খুলছে-কাল', '<p>শীতকালীন ছুটি শেষে শনিবার খুলবে কুষ্টিয়ার ইসলামী বিশ্ববিদ্যালয় (ইবি)। এদিকে আজ সকালে শিক্ষার্থীদের উদ্দেশ্যে আবাসিক হলগুলোও খুলে দেয়া হয়েছে।এব্যাপারে ভারপ্রাপ্ত রেজিস্ট্রার এস এম আব্দুল লতিফ বলেন, শীতকালীন ছুটি শেষ হওয়ায় কাল থেকে বিশ্ববিদ্যালয়ের একাডেমিক ও প্রশাসনিক কার্যক্রম যথারীতি চলবে।গত ২৯ ডিসেম্বর, ২০১৮ থেকে ইবিতে শীতকালীন ছুটি শুরু হয়েছিল।</p>', '1691963530603133.jpg', '1', '2021-02-17', 1, '2021-02-17 11:16:03', '2021-02-17 11:16:03'),
(76, 24, 'ইবি’র ১ম বর্ষের ক্লাস শুরু ১৫ জানুয়ারি', 'ইবি’র-১ম-বর্ষের-ক্লাস-শুরু-১৫-জানুয়ারি', '<p>ইসলামী বিশ্ববিদ্যালয়ের (ইবি) স্নাতক (সম্মান) ১ম বর্ষের ক্লাস আগামী ১৫ জানুয়ারি থেকে শুরু হবে।আজ বিশ্ববিদ্যালয়ের জনসংযোগ অফিসের উপ-পরিচালক মো. আতাউল হক একথা জানান।এবছর বিশ্ববিদ্যালয়ের ৩৩টি বিভাগে মেধা তালিকা থেকে ২ হাজার ২ শ&rsquo; ৭৫ জন শিক্ষার্থীকে ভর্তি করা হয়েছে।</p>', '1691963602260852.jpg', '1', '2021-02-17', 1, '2021-02-17 11:17:12', '2021-02-17 11:17:12'),
(77, 24, 'ঢাবিতে তিন দিনব্যাপী আলোকচিত্র প্রদর্শনী সমাপ্ত', 'ঢাবিতে-তিন-দিনব্যাপী-আলোকচিত্র-প্রদর্শনী-সমাপ্ত', '<p>ঢাকা বিশ্ববিদ্যালয়ের (ঢাবি) চারুকলা অনুষদের জয়নুল গ্যালারীতে তিন দিনব্যাপী &lsquo;দেশ-বিদেশ&rsquo; আলোকচিত্র প্রদর্শনী শেষ হয়েছে।এবারের প্রদর্শনীর শ্লোগান ছিল &lsquo;ভ্রমণ ও সুস্থ সাংষ্কৃতিক চর্চায় দূর হবে মাদক-সন্ত্রাস ও জঙ্গিবাদের আগ্রাসন&rsquo;।ঢাবির উপ-উপাচার্য (প্রশাসন) অধ্যাপক ড. মুহাম্মদ সামাদের সভাপতিত্বে অনুষ্ঠানে প্রধান অতিথি হিসেবে উপস্থিত ছিলেন জনপ্রশাসন প্রতিমন্ত্রী ফরহাদ হোসেন।আলোকচিত্র শিল্পী ও এনটিভির বিশেষ প্রতিনিধি সাংবাদিক আহমেদ পিপুল এবং আলোকচিত্র শিল্পী তানভীর অপুর তোলা ছবি নিয়ে এই আলোকচিত্র প্রদর্শনীর আয়োজন করা হয়।</p>', '1691963632320323.jpg', '1', '2021-02-17', 1, '2021-02-17 11:17:40', '2021-02-17 11:17:40'),
(78, 24, 'ঢাকা বিশ্ববিদ্যালয় একটি রাষ্ট্রের জন্ম দিয়েছে', 'ঢাকা-বিশ্ববিদ্যালয়-একটি-রাষ্ট্রের-জন্ম-দিয়েছে', '<p>উপাচার্য অধ্যাপক ড. মো. আখতারুজ্জামান বলেছেন, ঢাকা বিশ্ববিদ্যালয় (ঢাবি) পৃথিবীর বুকে একটি অনন্য সাধারণ প্রতিষ্ঠান। এই বিশ্ববিদ্যালয় একটি রাষ্ট্রের জন্ম দিয়েছে। তোমরা মেধাবী শিক্ষার্থী হিসেবে এই বিশ্ববিদ্যালয়ে পদার্পণ করেছো।আজ ছাত্র-শিক্ষক কেন্দ্র মিলনায়তনে বিজ্ঞান ও চারুকলা অনুষদের ২০১৮-১৯ শিক্ষাবর্ষের ১ম বর্ষ &macr;&oelig;াতক (সম্মান) শ্রেণীর শিক্ষার্থীদের পরিচিতি সভায় প্রধান অতিথি বক্তব্যে তিনি এ কথা বলেন।তিনি বলেন, ঢাবি মূল্যবোধ তৈরির একটা জায়গা। আর একজন ভালো মানুষ হওয়ার জন্য মূল্যবোধ, উদার নৈতিক দৃষ্টিভঙ্গি থাকাটা অত্যন্ত জরুরি। এই বিশ্ববিদ্যালয়ের মূল্যবোধ শিক্ষার্থীদের মধ্যে প্রবেশ করে এবং পরবর্তী বনেশিক্ষার্থীদের মাঝে সেই দৃষ্টিভঙ্গির প্রকাশ পায়।উপাচার্য আরও বলেন, &ldquo;তোমরা নতুন পরিবেশে এসেছো। চলার পথে তোমরা বিভিন্ন ধরনের নেতিবাচক পরিস্থিতির সম্মুখীন হতে পার। সেক্ষেত্রে কোন ধরনের হতাশা, বিষণ&oelig;তা, বিদ্রুপ, অপমান যেন তোমাদের মেধাকে নষ্ট করতে না পারে, ই বিষয়ে তোমাদের যত&oelig;শীল হতে হবে।&rdquo;বিশ্ববিদ্যালয়ের ছাত্র নির্দেশনা ও পরামর্শদান দফতর আয়োজিত অনুষ্ঠানে স্বাগত বক্তব্য রাখেন রের ভারপ্রাপ্ত পরিচালক অধ্যাপক মেহ্জাবীন হক। এতে আরো রাখেন বিজ্ঞান অনুষদের ডিন অধ্যাপক ড. মো. আব্দুল আজিজ এবং রুকলা অনুষদের ডিন অধ্যাপক নিসার হোসেন।এসময় বিজ্ঞান ও চারুকলা অনুষদভুক্ত বিভিন্ন বিভাগের চেয়ারম্যানগণসহ বিপুল সংক শিক্ষক ও নবীন শিক্ষার্থী উপস্থিত ছিলেন।</p>', '1691963700302217.jpg', '1', '2021-02-17', 1, '2021-02-17 11:18:45', '2021-02-17 11:18:45'),
(79, 25, 'খাবারের পুষ্টিগুণ ধরে রাখুন', 'খাবারের-পুষ্টিগুণ-ধরে-রাখুন', '<p>ডিম পোচ কার না ভালো লাগে। রান্নার দারুণ এক পদ্ধতি &lsquo;পোচিং&rsquo;। পুষ্টি বিশেষজ্ঞদের মতে, মাছ, মাংস, ডিম এবং প্রয়োজনে ফল রান্নার জন্য এ পদ্ধতি সবচেয়ে ভালো। এসব খাবারের কোনো ধরনের গুণ নষ্ট হয় না। অল্প আঁচেই পোচ করা যায়। ফলে উপাদানগুলো মোটেও তাদের গুণ হারায় না।<strong>ব্লেন্ড</strong>শাক ও ফলের জুস অনেকেরই পছন্দের খাবার। কিন্তু এতে খাবারের ফাইবার নষ্ট হয়। আর ফলের জুস আসলে প্রাকৃতিক চিনিপূর্ণ পানীয় ছাড়া আর কিছুই নয়। কিন্তু যদি ব্লেন্ড করেন, তো ফল বা শাকপাতা ক্ষুদ্র অংশে ভেঙে যাবে। কিন্তু ফাইবার নষ্ট হবে না। এ পদ্ধতিতে খাবার একেবারে পানীয় হয় না। তবে বেশ পাতলা হয় এবং খেতেও দারুণ সুস্বাদু।<strong>খোসা রাখা</strong>অধিকাংশ ফল ও সবজির খোসা ভিটামিন, খনিজ ও অ্যান্টি-অক্সিডেন্টে পূর্ণ। তাই যদি খোসা ছাড়িয়ে রান্না বা ব্লেন্ড করেন তো পুষ্টি উপাদানের অনেকটুকুই হারালেন। তাই বিশেষজ্ঞরা সবজি বা ফল বা অন্য কিছু খোসাসহ রান্না করতে বলেন। সবচেয়ে ভালো হয় খোসাসহ সিদ্ধ করে নিলে। তবে এর আগে খুব ভালো করে ধুয়ে নিতে হবে, যেন খোসায় ময়লা না থাকে।<strong>সিদ্ধ</strong>শাকসবজি ও অন্যান্য খাবার সিদ্ধ করার পর সেই পানিটা ফেলে দেবেন না। সেটি রান্নার কাজে ব্যবহার করবেন। কিংবা এই পানি স্যুপ বা অন্য কোনো রেসিপিতে ব্যবহার করুন। সিদ্ধ করার পর খাবারের অনেকটা পুষ্টি চলে যায় পানিতে। তাই এটি ফেলে দেওয়া বোকামি। এ কারণে পুষ্টিবিদরা বলেন, প্রেসার কুকারে রান্না স্বাস্থ্যের জন্য সবচেয়ে ভালো।</p>', '1691963797800505.jpg', '1', '2021-02-17', 1, '2021-02-17 11:20:18', '2021-02-17 11:20:18'),
(80, 25, 'শীতে হঠাৎ শ্বাসকষ্ট', 'শীতে-হঠাৎ-শ্বাসকষ্ট', '<p>শীত পড়তে শুরু করেছে। পরিবেশেও বেড়েছে ধুলাবালির পরিমাণ। এ সময় আবহাওয়াও শুষ্ক হয়ে পড়ে। সব মিলিয়ে শীতকালটা হাঁপানি রোগীদের জন্য বিপজ্জনক। এ সময় তাদের বা হাঁপানির টান প্রায়ই বেড়ে যেতে পারে। আকস্মিক হাঁপানি রোগীর শ্বাসকষ্ট অতিরিক্ত বেড়ে গেলে তাকে বলা হয় সিভিয়ার অ্যাকিউট অ্যাজমা। এ সময় অনেকেই হাসপাতালে ভর্তি হতে বাধ্য হয়। হঠাৎ শ্বাসকষ্ট বেড়ে গেলে প্রথমে কী করবেন?প্রথমেই রোগীকে বিছানায় বা সোফায় সোজা করে বসিয়ে দিন। আশ্বস্ত করুন ও আতঙ্কিত হতে নিষেধ করুন।হাঁপানি রোগীর বাড়িতে উপশমকারী সালবিউটামল বা সালবিউটামল-ইপরাট্রোপিয়ামযুক্ত ইনহেলার থাকে। স্পেসারের সাহায্যে ধীরে ধীরে পাঁচটি চাপ দিন। স্পেসার না থাকলে কাগজের ঠোঙার সাহায্য নিন।স্পেসারের মধ্যে একবার ওষুধটি চাপ দিয়ে ফেলার পর তা থেকে পাঁচবার শ্বাস নিতে হবে। বড় বড় ও জোরে জোরে শ্বাস নিয়ে ওষুধটি বুকের ভেতর টেনে নিতে হবে, খেয়ে ফেললে চলবে না। বয়স্ক ও শিশুদের ভালো করে বুঝিয়ে বলে সাহায্য করুন।</p>\r\n\r\n<p>কিছুক্ষণ বিশ্রাম নিতে বলুন। তারপরও শ্বাসকষ্ট না কমলে আবার পাঁচটি চাপ নিন। এভাবে পাঁচবার নিতে পারেন। মানে মোট ২৫ চাপ।</p>\r\n\r\n<p>কারও বাড়িতে বা নিকটে নেবুলাইজার যন্ত্র থাকলে ভালো। নরমাল স্যালাইনের সঙ্গে সালবিউটামল দ্রবণ মিলিয়ে কয়েক মিনিট নেবুলাইজার যন্ত্রের সাহায্যে শ্বাস নিন।</p>', '1691963837390898.jpg', '1', '2021-02-17', 1, '2021-02-17 11:20:56', '2021-02-17 11:20:56'),
(81, 25, 'সমস্যার নাম ফ্রোজেন শোল্ডার', 'সমস্যার-নাম-ফ্রোজেন-শোল্ডার', '<p>কাঁধের সন্ধিতে ব্যথা। হাত ওপরে তুলতে পারেন না। চুল আঁচড়াতে কষ্ট, পেছনে বোতাম লাগানো বা পেছনের পকেটে মানিব্যাগ রাখা অসম্ভব হয়ে উঠছে। এই সমস্যার নাম ফ্রোজেন শোল্ডার। ডাক্তারি নাম অ্যাডেসিভ ক্যাপসুলাইটিস। কেন হয় এই অবস্থা?&nbsp;</p>\r\n\r\n<p>কোনো আঘাত বা অস্ত্রোপচারের পর কাঁধের নড়াচড়া কম করা হলে সন্ধিটা জমে যায়। অনিয়ন্ত্রিত ডায়াবেটিস ও পক্ষাঘাতে বা স্ট্রোকের পর এটা খুবই পরিচিত সমস্যা। কাঁধের এই সন্ধি অতিরিক্ত ব্যবহৃত হলেও এমন হতে পারে। আবার অনেক সময় তেমন কোনো কারণ খুঁজে পাওয়া যায় না। তবে যে কারণেই হোক, ফ্রোজেন শোল্ডার পুরোপুরি সারতে অনেক সময় লেগে যায়। সময়মতো চিকিৎসা না নিলে দু-তিন বছর পর্যন্ত ভুগতে হতে পারে। অনেক সময় সন্ধি পুরোপুরি স্টিফ হয়ে যায় বা অকেজো হয়ে যায়। তবে ৯০ শতাংশ ফ্রোজেন শোল্ডার ব্যথানাশক ওষুধ ও ফিজিওথেরাপির মাধ্যমে সম্পূর্ণ সেরে যায়। ফ্রোজেন শোল্ডার নিরাময়ে কিছু পরামর্শ। : হাতের পেন্ডুলাম মুভমেন্ট করুন। অনেকটা নৌকা বাওয়ার মতো ব্যায়াম।সুস্থ হাতটি দিয়ে আক্রান্ত হাতকে ধরে ওপর দিকে তুলুন, যতটা তোলা যায়। এবার মাথার পেছন দিকে নেওয়ার চেষ্টা করুন। এই ব্যায়ামটা দিনে কয়েকবারই করুন।আরান্ত হাত দিয়ে সামনে বাতাসে বৃত্ত তৈরি করুন। যতটা সম্ভব বড় পরিধির বৃত্ত তৈরি করতে চেষ্টা করুন।গোসল করার পর গামছা বা তোয়ালেকে রোল করে দুই হাত দিয়ে ধরে পেছন দিকে পিঠ মোছার চেষ্টা করুন। ওপর-নিচ করতে থাকুন।ডায়াবেটিস নিয়ন্ত্রণ করুন। ব্যথা থাকলে ব্যথানাশক ওষুধ খান চিকিৎসকের পরামর্শে। ব্যথা না কমলে ব্যায়াম করা সম্ভব হবে না।বাড়িতে ব্যায়াম করে না কমলে ফিজিওথেরাপি নিন।</p>', '1691963884826474.jpg', '1', '2021-02-17', 1, '2021-02-17 11:21:41', '2021-02-17 11:21:41'),
(82, 24, 'শিশুর জন্ম মুহূর্ত', 'শিশুর-জন্ম-মুহূর্ত', '<p>৩৬ বা ৩৭ সপ্তাহ গর্ভকাল পার হওয়ার পর প্রসবের জন্য একধরনের মানসিক প্রস্তুতি নিয়ে ফেলা ভালো। এই প্রস্তুতির সময় সবচেয়ে বড় উৎকণ্ঠা হলো, অন্তঃসত্ত্বা মা কীভাবে বুঝবেন যে তাঁর প্রসবের সময় হয়েছে? এ সময় তলপেটে একটু-আধটু ব্যথা, জরায়ুর সংকোচন হতেই পারে, কিন্তু প্রসবব্যথা বা প্রসবের লক্ষণগুলো মা সচেতন হলেই কেবল টের পাবেন। নয়তো হাসপাতালে যেতে দেরি হয়ে যেতে পারে। এর মধ্যে ঘটে যেতে পারে নানা বিপত্তি। স্বাভাবিক প্রসবের লক্ষণগুলো কী কী।<br />\r\n* তলপেটের ব্যথা ও জরায়ুর সংকোচন অনুভব করা* রক্তমিশ্রিত স্রাব নিঃসরণ* জরায়ুর মুখ খুলে যাওয়া* পানিপূর্ণ থলে তৈরি হওয়াগর্ভাবস্থার শেষ দিকে, বিশেষ করে ১-২ সপ্তাহ আগে থেকে ফলস লেবার পেইন হতে পারে। এটা আসল প্রসবব্যথা নয়। গর্ভধারণের ১৬ সপ্তাহ পর জরায়ুর সংকোচন হয়, যাকে বলে ব্রেক্সটন হিক্স কনট্রাকশন। তবে এর সঙ্গে ব্যথা থাকে না। সত্যিকারের প্রসবব্যথার কিছু উপসর্গ আছে। নিয়মিত বিরতিতে ব্যথা শুরু হবে, এর সঙ্গে জরায়ু সংকুচিত হয়, অর্থাৎ পেট শক্ত হয়ে আসবে। সময়ের সঙ্গে সঙ্গে ব্যথার তীব্রতা ও স্থায়িত্ব দুটোই বাড়তে থাকবে। ব্যথা যাওয়া-আসা করবে। কিন্তু মধ্যের বিরতি ধীরে ধীরে কমে আসতে থাকবে। ব্যথাটা শুরু হয় পেছন দিক থেকে, তারপর ঊরু হয়ে সামনের দিকে ছড়িয়ে পড়ে। ব্যথানাশক বা ঘুমের ওষুধ&mdash;কোনো কিছুতেই ব্যথার উপশম হয় না।</p>', '1691963931321386.jpg', '1', '2021-02-17', 1, '2021-02-17 11:22:25', '2021-02-17 11:22:25'),
(83, 25, 'কোমরে ব্যথা যে কারণে হয়', 'কোমরে-ব্যথা-যে-কারণে-হয়', '<p>কোমরব্যথা স্বল্পমেয়াদি, অর্থাৎ এক মাসের কম সময় থাকে এবং দীর্ঘমেয়াদি বা এক মাসের বেশি সময় থাকে। উপযুক্ত চিকিৎসা নিলে ৯০ শতাংশ রোগী দুই মাসের মধ্যে ভালো হয়ে যান।<strong>কোমরব্যথার কারণ</strong>পেশি, হাড়, জোড়া, লিগামেন্ট, জোড়ার আবরণ, ডিস্ক (দুই কশেরুকার মধ্যে থাকে) ও স্নায়ুর রোগ বা ইনজুরি।বুক, পেট ও তলপেটের মধ্যকার বিভিন্ন অঙ্গের সমস্যার জন্য কোমরব্যথা হতে পারে।<br />\r\n১. যাঁরা অফিসে দীর্ঘক্ষণ বসে একই ভঙ্গিতে কাজ করেন। এতে দেখা যায়, কোমরে ব্যথা প্রচণ্ড হয়ে থাকে।২. বসার চেয়ার টেবিল ঠিকমতো না হলে বা ঠিকমতো না বসলে বা সামনে-পেছনে ঝুঁকে বসলে কোমরে প্রচণ্ড ব্যথা অনুভূত হতে পারে।৩. দীর্ঘক্ষণ ড্রাইভিং করলে বা বেশি সামনে ঝুঁকে গাড়ি চালালে কোমর ব্যথা হতে পারে। ড্রাইভিংয়ের সময় পেছনে কিছু সাপোর্ট নেওয়া উচিত।৪. যাঁরা শুয়ে বা কাত হয়ে বই পড়েন বা অন্য কাজ করেন, তাঁদের মেরুদণ্ড ক্ষতিগ্রস্ত হয় এবং ব্যথা অনুভূত হয়।৫. অনেকেই আছেন যাঁরা কোনো ভারী জিনিস সঠিক নিয়মে তোলেন না। ফলে মেরুদণ্ডে অস্বাভাবিক চাপ পড়ে এবং তা ক্ষতিগ্রস্ত হয়ে ব্যথা হয়।কখন চিকিৎসকের পরামর্শ নেবেন?সব সময় ধরে বা জমে আছে&mdash;এ ধরনের ব্যথা। ভারী ওজন তোলা বা অতিরিক্ত কাজের পর তীক্ষ্ণ ব্যথা। কোমর থেকে নিতম্ব, ঊরু ও পায়ের আঙুল পর্যন্ত ব্যথা বিস্তৃত হলে। পায়ে দুর্বলতা বা অবশ ভাব হলে। হাঁচি, কাশি দিলে বা সামনে ঝুঁকলে ব্যথা বেড়ে যায়। প্রস্রাব বা পায়খানার নিয়ন্ত্রণ না থাকলে। শোয়া অবস্থায় বা শোয়া থেকে ওঠার সময় ব্যথা হলে।<strong>চিকিৎসা</strong>কোমরব্যথার চিকিৎসার মূল লক্ষ্য হলো ব্যথা নিরাময় করা এবং কোমরের নড়াচড়া স্বাভাবিক করা। পূর্ণ বিশ্ম কিন্তু দীর্ঘদিন বিশ্রাম নিলে ব্যথা দীর্ঘস্থায়ী হয়ে যায়। তীব্র ব্যথা কমে গেলেও ওজন তোলা, মোচড়ানো পজিশন, অতিরিক্ত শারীরিক পরিশ্রম ও সামনে ঝুঁকে কাজ করা বন্ধ করতে হবে। সঠিক উপায়ে বসার অভ্যাস করতে হবে এবং প্রয়োজনে ব্যাক সাপোর্ট ব্যবহার করতে হবে। গরম সেঁক (গরম প্যাড, গরম পানির বোতল বা উষ্ণ পানিতে গোসল) নিতে হবে। পেশি নমনীয় ও শক্তিশালী হওয়ার ব্যায়াম করতে হবে। কিছু ব্যায়াম কোমরব্যথা প্রশমনে সাহায্য করে, এমনকি ওষুধের চেয়েও ভালো ফল দেয়। এই ব্যায়াম প্রতিদিন রাতে ও সকালে বিছানায় শুয়ে শুয়ে করতে পারেন। সময় লাগবে সর্বোচ্চ ৭ মিনিট।<br />\r\n১. সমতল হালকা নরম বিছানায় চিত হয়ে শুয়ে দুই হাত শরীরের দুই পাশে রেখে দুই পা সোজা করে শুতে হবে। হাঁটু ভাঁজ না করে এক পা ওপরের দিকে তুলুন যত দূর সম্ভব। ১০ সেকেন্ড পা তুলে রাখতে হবে। একইভাবে অপর পা ওপরে তুলুন এবং একই সময় নিন।২. এবার একইভাবে হাঁটু ভাঁজ না করে একসঙ্গে দুই পা তুলুন এবং একই সময় নিন।৩. এবার এক হাঁটু ভাঁজ করে দুই হাত দিয়ে জড়িয়ে ধরে হাঁটুকে বুকে লাগানোর চেষ্টা করুন। ১০ সেকেন্ড থাকুন। একইভাবে অপর হাঁটু বুকে লাগাতে হবে।৪. একসঙ্গে দুই হাঁটু ভাঁজ করে দুই হাতে জড়িয়ে বুকে লাগাতে হবে।৫. সর্বশেষ দুই পা সোজা করে পায়ের পাতার দিকে সটান করে ১০ সেকেন্ড রাখতে হবে।প্রতিটি ধাপ ১০ সেকেন্ড দীর্ঘায়িত হবে বা ১০ গোনা পর্যন্ত করতে হবে।</p>', '1691963997934506.jpg', '1', '2021-02-17', 1, '2021-02-17 11:23:29', '2021-02-17 11:23:29'),
(84, 25, 'আজ বিশ্ব মানসিক স্বাস্থ্য দিবস', 'আজ-বিশ্ব-মানসিক-স্বাস্থ্য-দিবস', '<p>বিশ্ব মানসিক স্বাস্থ্য দিবস। বিশ্বের অন্যান্য স্থানের মতো বাংলাদেশেও আজ পালিত হচ্ছে দিবসটি। এ বছর দিবসটির প্রতিপাদ্য হচ্ছে &lsquo;পরিবর্তনশীল বিশ্বে তরুণদের মানসিক স্বাস্থ্য&rsquo;।এ উপলক্ষে ঢাকা বিশ্ববিদ্যালয়ের ক্লিনিক্যাল সাইকোলজি বিভাগ, বাংলাদেশ ক্লিনিক্যাল সাইকোলজি সোসাইটি, ন্যাশনাল ট্রমা কাউন্সেলিং সেন্টার এবং মহিলা ও শিশুবিষয়ক মন্ত্রণালয়ের যৌথভাবে ৯, ১০ ও ১৩ অক্টোবর, ২০১৮ তিন দিনব্যাপী বিশেষ কর্মসূচী গ্রহণ করেছে।এরই অংশ হিসেবে আজ ঢাকা বিশ্ববিদ্যালয়ের ছাত্র-শিক্ষক কেন্দ্র (টিএসসি) মিলনায়তনে তিনটি সেমিনার অনুষ্ঠিত হবে। সকাল ১০টায় প্রথম সেমিনারে প্রধান অতিথি হিসেবে উপস্থিত থাকবেন মহিলা ও শিশুবিষয়ক মন্ত্রণালয়ের প্রতিমন্ত্রী মেহের আফরোজ চুমকি (এমপি)।দুপুর ১২টায় অনুষ্ঠিত হবে &lsquo;সংকটাপন্ন রোহিঙ্গাদের জন্য টেকসই মনোসামাজিক সেবা&rsquo; -শীর্ষক দ্বিতীয় সেমিনার। এতে প্রধান অতিথি হিসেবে উপস্থিত থাকবেন ঢাকা বিশ্ব বিদ্যালয়ের প্রো-উপাচার্য (শিক্ষা) অধ্যাপক ড. নাসরীন আহমাদ।আর বিকেল ৩টায় অনুষ্ঠিত হবে &lsquo;সময়ের দাবি &ndash; হাসপাতালে ক্লিনিক্যাল সাইকোলজিস্টদের দ্রুত নিয়োগ দিন&rsquo; &ndash; বিষয়ক তৃতীয় সেমিনার।পাশাপাশি বিশেষ আয়োজন হিসেবে থাকছে উন্মুক্ত মানসিক স্বাস্থ্য বিষয়ক প্রদর্শনী। এছাড়া মঙ্গলবার (৯ অক্টোবর) অনুষ্ঠিত হয়েছে ৬টি বিশেষ কর্মশালা। আর ১৩ অক্টোবর অনুষ্ঠিত হবে ৫টি বিশেষ কর্মশালা।</p>', '1691964031668812.jpg', '1', '2021-02-17', 1, '2021-02-17 11:24:01', '2021-02-17 11:24:01'),
(85, 19, 'পারফিউমের ঘ্রাণ দীর্ঘসময় রাখবেন যেভাবে', 'পারফিউমের-ঘ্রাণ-দীর্ঘসময়-রাখবেন-যেভাবে', '<p>বাইরে যাওয়ার আগে সবাই শরীরে পারফিউম ছিটিয়ে নেন। কোনো কোনো পারফিউমের তীব্র ঘ্রাণ, কোনোটার আবার যেন ঘ্রাণই নেই। কিছুক্ষণ পরেই ঘ্রাণ তার তীব্রতা হারাতে শুরু করে। দামি পারফিউম হলেও কোনো কাজ হয়ে না। তাই দীর্ঘসময় ঘ্রাণ ধরে রাখতে জেনে নিন কয়েকটি ঘরোয়া উপায়- শুষ্ক ও অন্ধকার জায়গায় পারফিউম রাখুন।২. অতিরিক্ত তাপমাত্রা, আলো, আর্দ্রতার মতো বিভিন্ন কারণে সুগন্ধি ক্রমশ দুর্বল হয়ে পড়ে।৩. ড্রেসিং টেবিল জানালার পাশে হলে সেখানে পারফিউম না রাখাই ভালো।৪. কব্জির ভেতর, ঘাড়ের পাশ, নাভির নিচ, হাঁটুর পিছন, গোড়ালির ভেতর-বাইরে পারফিউম লাগান।৫. পেট্রোলিয়াম জেলি লাগানোর পর পারফিউম স্প্রে করলে সুগন্ধি বেশিক্ষণ স্থায়ী হয়।৬. গোসল করে ময়েশ্চারাইজার লাগানোর পর পারফিউম স্প্রে করুন, তারপর পোশাক পরুন।৭. চুলে সরাসরি পারফিউম স্প্রে করবেন না।৮. ব্রাশে পারফিউম লাগিয়ে তা দিয়ে চুল আঁচড়ে নিন, অনেক ভালো কাজ হবে।৯. স্যাঁতসেঁতে জায়গায় পারফিউমটি রাখবেন না।</p>', '1691964123361302.jpg', '1', '2021-02-17', 1, '2021-02-17 11:25:29', '2021-02-17 11:25:29'),
(86, 19, 'নারিকেলের মালাই বরফি তৈরির রেসিপি', 'নারিকেলের-মালাই-বরফি-তৈরির-রেসিপি', '<p>বরফি খেতে পছন্দ করেন সবাই। আর তা যদি হয় নারিকেলের, তবে তো কথাই নেই। উৎসবে কিংবা অতিথি আপ্যায়নে রাখতে পারেন নারিকেলের মালাই বরফি। রইলো রেসিপি-উপকরণ: নারিকেল বাটা ২ কাপ, সরসহ ঘনদুধ ১ কাপ, সুজি ২ টেবিল চামচ, ঘি আধা কাপ, চিনি ১ কাপ, এলাচ গুঁড়ো ২টি, বাদাম কুচি ১ টেবিল চামচ, কিশমিশ ১ টেবিল চামচ।প্রণালি: কড়াইয়ে ঘি দিয়ে সুজি ভেজে নিতে হবে। তারপর নারিকেল বাটা দিয়ে আবার কিছুক্ষণ ভাজতে হবে। ভাজা হলে দুধ, চিনি, বাদাম কুচি, কিশমিশ দিয়ে অনবরত নাড়তে হবে। ঘন আঠালো হলে এলাচ গুঁড়া দিয়ে নামিয়ে প্লেটে ঘি দিয়ে ইচ্ছামতো আকারে কেটে ওপরে বাদাম, কিশমিশ দিয়ে পরিবেশন করা যায়।</p>', '1691964158334518.jpg', '1', '2021-02-17', 1, '2021-02-17 11:26:02', '2021-02-17 11:26:02'),
(87, 19, 'পূজায় রসগোল্লা তৈরির রেসিপি', 'পূজায়-রসগোল্লা-তৈরির-রেসিপি', '<p>মিষ্টি ছাড়া উৎসবের কথা ভাবাই যায় না। আর মিষ্টির মধ্যে সবার আগেই আসে রসগোল্লার নাম। তবে বাজার থেকে না কিনে চাইলে নিজেই তৈরি করতে পারেন সুস্বাদু এই মিষ্টি। রইলো রেসিপি-উপকরণ: ছানা ৩ কাপ, ময়দা ১ কাপের ৪ ভাগের ১ ভাগ, সুজি ২ চা চামচ, চিনি ২ টেবিল চামচ, খাবার সোডা ১ চিমটি, এলাচি গুঁড়া সামান্য।সিরা তৈরি: ৫ কাপ চিনি ৫ কাপ পানি দিয়ে জ্বাল করে পাতলা সিরা তৈরি করে নিতে হবে।প্রণালি: একটি ছড়ানো পাত্রে মুঠমুঠ করে ময়ান করা ছানা দিয়ে একে একে স শুকনা উপকরণ ছড়িয়ে দিন। এবার হাতের তালু দিয়ে সব উপকরণ ভালোভাবে মেখে নিন। হাতে তেল মেখে ছানার মিশ্রণকে গোল গোল মিষ্টি বানান।এবার পাতলা সিরায় মিষ্টি দিয়ে চুলার আচ বাড়িয়ে ঢেকে দিন। মিষ্টি যখন ফুলে দ্বিগুণ হয়ে যাবে, তখন চামচে করে গরম সিরার মধ্যে ঠান্ডা পানি মিলিয়ে দিন। মিষ্টি সেদ্ধ হলে নামিয়ে ৭-৮ ঘণ্টা সিরায় রেখে এরপর পরিবেশন করুন</p>', '1691964199302561.jpg', '1', '2021-02-17', 1, '2021-02-17 11:26:41', '2021-02-17 11:26:41');
INSERT INTO `posts` (`id`, `category_id`, `title`, `slug`, `description`, `image`, `hot_news`, `date`, `status`, `created_at`, `updated_at`) VALUES
(88, 19, 'সুখী হওয়ার ‘বৈজ্ঞানিক’ উপায়', 'সুখী-হওয়ার-‘বৈজ্ঞানিক’-উপায়', '<p>সুখী হতে কে না চায়? কিন্তু সুখ তো সহজে মেলে না। তাই বলে থেমে নেই বিজ্ঞান। সুখকর মুহূর্তে ভাসতে হলে কিছু কাজ করতে হবে। বিশেষজ্ঞরা জানাচ্ছেন সেই সব সুখকর কাজের কথা<strong>দয়াশীলতার চর্চা :&nbsp;</strong>প্রত্যক্ষ বা পরোক্ষভাবে অন্যদের সহায়তা করুন। গৃহহীন বা দরিদ্র কিংবা অসহায়কে সামান্য সহায়তার বিনিময়ে আপনার মনে অনাবিল শান্তি মিলতে পারে। পরীক্ষায় প্রমাণ মিলেছে যে, দয়ালু মানুষের মনে সুখ বিরাজ করে। একটু দয়াশীলতার চর্চা আপনাকে নিমিষেই সুখী করে তোলে।<strong>ব্যায়াম :</strong>&nbsp;দেহে রক্তপ্রবাহ বৃদ্ধিতে ছড়িয়ে পড়ে অ্যান্ড্রোফিন্স হরমোন। আর এটা সুখকর অনুভূতি সৃষ্টি করে। মেজাজ ভালো করে দেয়। আর এর জন্য ব্যায়াম এক অতুলনীয় মাধ্যম। বিভিন্ন গবেষণায় প্রমাণ মিলেছে যে, শরীরচর্চা বা কায়িক শ্রম দেহ-মনের অবসাদ দূর করে। এমনকি বিষণ্নতার চিকিৎসায় পর্যন্ত ব্যায়ামকে কার্যকর থেরাপি হিসেবে ব্যবহার করা হয়। দৌড়ানো, সাইকেল চালনা, ইয়োগা, নাচা ইত্যাদি দারুণ সব ব্যায়াম। প্রতিদিন ২০-৩০ মিনিট হাঁটলেই কাজ হয়ে যাবে।<strong>পাতাবহুল সবুজ শাক :&nbsp;</strong>গাঢ় রঙের পাতাবহুল শাকসবজি ফোলেটে পূর্ণ থাকে। এই খাদ্য উপাদানটি নেতিবাচক মেজাজ এবং বিষণ্নতা দূর করতে ওস্তাদ বলে গণ্য করা হয়। মস্তিষ্কে ডোপামাইন উৎপন্ন করে। ২০১২ সালের এক গবেষণায় বলা হয়, মধ্যবয়সীরা পর্যাপ্ত পরিমাণে গাঢ় রঙের পাতাবহুল শাকসবজি খেলে তাদের মধ্যে আর মন খারাপ ভাব থাকে না।<strong>নিজের জন্য ফুল :</strong>&nbsp;হার্ভার্ডের একদল গবেষক পরীক্ষা করে দেখেছেন, নিজের জন্য ফুল কিনে বাড়িতে গেলে উদ্বেগ-উৎকণ্ঠা অনেকটা দূরীভূত হয়। পরীক্ষায় যাঁরা অংশ নিয়েছিলেন তাঁরা এ কাজের মাধ্যমে আরো অনেক বেশি প্রাণবন্ত ও উদ্দীপ্ত হয়ে ওঠেন।<strong>হাসি :</strong>&nbsp;মুখের হাসি সুখকর অনুভূতি প্রকাশের নিশানা। বিজ্ঞানীরা আরো দেখেছেন, এমনকি মন খারাপ থাকা অবস্থায় কোনো কারণ ছাড়া জোর করে হাসলেও চট করে ভালোলাগা অনুভূতি আসে। একগাল হাসির মাধ্যমে মস্তিষ্কে সুখের কেন্দ্রটাকে উন্মুক্ত করা যায়।<strong>বাইরে যাওয়া :</strong>&nbsp;মনমরা হয়ে আছেন? সোজা বাইরে চলে যান। দিনের ঝকঝকে আলো কিংবা রাতের অসাধারণ সৌন্দর্য উপভোগ করে আসুন। দিনের আলোয় দেহে ভিটামিন &lsquo;ডি&rsquo; উৎপন্ন হয়। আর এই ভিটামিন উদ্বেগ-উৎকণ্ঠা দূর করে। আবার রাতে বাইরের পরিবেশও আপনার মনটাকে ভালো করে দিতে পারে।<strong>লেবু বা কমলার গন্ধ :</strong>&nbsp;সাইট্রাস জাতীয় ফলের গন্ধ মন ভালো করে দেয় বলে গবেষণায় প্রমাণ মিলেছে। কমলা, লেবু বা জাম্বুরার গন্ধ দেহে ইতিবাচক রাসায়নিক প্রতিক্রিয়া সৃষ্টি করে। কাজেই মন ভালো না লাগলে এসব ফলের গন্ধ নিতে পারেন। চাইলে এ ধরনের ফলের এসেনশিয়াল ওয়েল কিনে রাখুন। মনে সুখ আনতে গন্ধ শুঁকে নিন।</p>', '1691964260790621.jpg', '1', '2021-02-17', 1, '2021-02-17 11:27:40', '2021-02-17 11:27:40'),
(89, 19, '৫ ঘণ্টার কম ঘুমালে মৃত্যুঝুঁকি', '৫-ঘণ্টার-কম-ঘুমালে-মৃত্যুঝুঁকি', '<p>ঘুম নিয়ে অনেকেই বেশ সমস্যায় থাকেন। রাত হলে সময় মতো বিছানায় যান ঠিকই কিন্তু ঘুম আসে না কিছুতেই! ঘুমের জন্য অপেক্ষা করতে করতে রাতের প্রায় অর্ধেকটাই পার হয়ে যায় বিছানায় এপাশ ওপাশ করতে করতে। দিনে ঠিক কত ঘণ্টা ঘুমানো উচিত জানেন? পাঁচ, ছয়, নাকি আট ঘণ্টা? এর কোনওটাতেই রয়েছে মারাত্মক প্রাণের ঝুঁকির!সম্প্রতি এক গবেষণায় দেখা গেছে, যারা দিনে সাত ঘণ্টার কম বা তার বেশি সময় ঘুমিয়ে থাকেন তাদের মধ্যে হৃযন্ত্রের সমস্যা হবার ঝুঁকি অনেকটাই বেশি। মার্কিন ওয়েস্ট ভার্জিনিয়া বিম্ববিদ্যালয়ের একটি গবেষণার রিপোর্টে দাবি করা হয়েছে, পাঁচ ঘণ্টার কম যারা ঘুমান, তাদের মধ্যে স্ট্রোক, হৃদযন্ত্রের সমস্যা, হার্ট অ্যাটাক-সহ আরও নানারকম শারীরীক সমস্যার মুখোমুখি হওয়ার ঝুঁকি দ্বিগুণ।শুধু তাই নয়, এই গবেষণায় আরও দাবি করা হয়েছে, ৬০ বছরের বেশি বয়স্কদের ক্ষেত্রে ঘুমের অনিয়মের ফলে নানা প্রাণঘাতী শারীরীক সমস্যার ঝুঁকি অনেকটাই বেশি। এই গবেষণায় মার্কিন গবেষকেরা মোট ৩০,০০০ জন বয়স্ক মানুষকে পরীক্ষা করেন। লিপিবদ্ধ করা হয় তাদের বয়স, উচ্চতা, খাদ্যাভ্যাস-সহ আরও নানা তথ্য। এই গবেষণার প্রধান উদ্দেশ্য ছিল সব কিছু ঠিক থাকলেও শুধুমাত্র ঘুমের অভাবের কারণে শরীরে কোনও রকম সমস্যা দেখা যায় কিনা, তা দেখা।এই ৩০,০০০ জনের উপর গবেষণা চালিয়ে গবেষকেরা যে সিদ্ধান্তে উপনীত হন, কম ঘুম মানুষের শরীরের খাদ্য হজম আর অন্যান্য ক্ষমতা কমিয়ে দেয়। ইনসুলিন আর রক্তচাপের ক্ষেত্রে গড়বড় হতে শুরু করে। ফলে ধীরে ধীরে মানুষের ভেতরে তৈরি হয় নানা সমস্যা। অ্যামেরিকান অ্যাকাডেমি অব স্লিপ মেডিসিনের প্রকাশিত তথ্য অনুযায়ী, একজন পুর্ণবয়স্ক মানুষের উচিত প্রতি রাতে অন্তত ছয় থেকে সাত ঘণ্টা করে ঘুমানো।তবে এ ক্ষেত্রে যদি কারও কোনভাবেই সাত ঘণ্টা করে ঘুম না হয় তাহলে চেষ্টা করতে হবে কেবল শুয়ে থেকে বিশ্রাম নিতে। পরীক্ষায় দেখা গিয়েছে যে, সাত ঘণ্টা না ঘুমোলেও সেই পরিমাণ শুয়ে থাকলেও মানুষের শরীরে যথেষ্ট পরিবর্তন আনে।</p>', '1691964313797466.jpg', '1', '2021-02-17', 1, '2021-02-17 11:28:30', '2021-02-17 11:28:30'),
(90, 19, 'ঈদের যুগল সাজ', 'ঈদের-যুগল-সাজ', '<p>জমকালো দাওয়াতের কথা ভেবেই এই পোশাকটিকে বানিয়েছেন হুমায়রা খান। কালো রঙের র&zwj;্যাপ ব্লাউজটি মসলিনের তৈরি। সঙ্গে সোনালি রঙের ব্রকেডের তৈরি লম্বা স্কার্ট। উল নেই এমন স্যুট কাপড় দিয়েই তৈরি করা হয়েছে চেক নকশার ব্লেজারটি তৈরি করেছে ফ্যাশন ব্র্যান্ড ওটু। পারিবারিক দাওয়াতের বাইরে রাতের অনুষ্ঠানের জন্য আদর্শ।জাম রঙের কামিজের ওপর ভারী সুতার কাজ। কামিজের সামনের অংশটা কাটা। গলার কাছটায় লম্বাভাবে বোতামের সারি। বোতামও এবার পোশাকের নকশায় বেশ দেখা যাচ্ছে। চলতি ধারা অনুযায়ী কামিজের দুই দিকের ঝুল একটু বাড়িয়ে রাখা হয়েছে বলে জানান ডিজাইনার মায়া রহমান। কামিজের ওপরে জরি আর জামরঙা সুতার কাজ। সিকোয়েন্সও আছে হালকা। গলার কাছটায় জ্যাকেট স্টাইলের মতো করে করা। ছেলেরা মূলত পাঞ্জাবি বলতে কালো, নীল আর সাদা রংটাকেই বেছে নেয়। তবে ঈদ বলে কথা। একটু উজ্জ্বল রং থাকতেই পারে। এ কারণেই জামরঙা কটি বেছে নেওয়া । বিশ্ব ফ্যাশনে এখন জন্তুর মোটিফ ব্যবহার করা হচ্ছে বেশ বলে জানালেন ফ্যাশন পরামর্শক আসিফ ইকবাল। কটির ওপর সুতার মধ্যে হাতির অবয়ব ফুটিয়ে তোলা হয়েছে। এতটুকুতেই চলে এসেছে জমকালো ভাব। চাইলে বেগুনি ও সোনালি রঙের ছটাও রাখতে পারেন পাঞ্জাবিতে।</p>', '1691964372266463.jpg', '1', '2021-02-17', 1, '2021-02-17 11:29:26', '2021-02-17 11:29:26'),
(91, 26, 'পায়রা বন্দরে অভিজ্ঞদের চাকরির সুযোগ', 'পায়রা-বন্দরে-অভিজ্ঞদের-চাকরির-সুযোগ', '<p>পায়রা বন্দর কর্তৃপক্ষের ২টি পদে ৩ জনকে নিয়োগ দেওয়া হবে। আগ্রহীরা আগামী ১৩ অক্টোবর পর্যন্ত আবেদন করতে পারবেন।</p>', '1691964434516060.jpg', '1', '2021-02-17', 1, '2021-02-17 11:30:25', '2021-02-17 11:30:25'),
(92, 26, 'প্রাথমিকে নিয়োগ পরীক্ষার জন্য বাংলার সমাধান : শেষ পর্ব', 'প্রাথমিকে-নিয়োগ-পরীক্ষার-জন্য-বাংলার-সমাধান-:-শেষ-পর্ব', '<p>চলতি বছরের ১৯ থেকে ২৬ অক্টোরের মধ্যে প্রাথমিক বিদ্যালয়ে সহকারী শিক্ষক পদে লিখিত (এমসিকিউ) পরীক্ষা অনুষ্ঠিত হওয়ার সম্ভাবনা রয়েছে। সে জন্য বিভিন্ন বিষয়ে চর্চার প্রয়োজন সবচেয়ে বেশি। ২০১৮ সালের বিভিন্ন চাকরির নিয়োগ পরীক্ষায় বাংলা থেকে আসা প্রশ্নগুলোর সমাধান তুলে ধরা হলো। আজ থাকছে শেষ পর্ব&ndash;</p>', '1691964474971142.jpg', '1', '2021-02-17', 1, '2021-02-17 11:31:04', '2021-02-17 11:31:04'),
(93, 26, '২৫ জনকে চাকরি দেবে বিটিভি', '২৫-জনকে-চাকরি-দেবে-বিটিভি', '<p>বাংলাদেশ টেলিভিশনের (বিটিভি) &lsquo;দেশব্যাপী ডিজিটাল টেরিস্ট্রিয়াল সম্প্রচার প্রবর্তন (১ম পর্যায়) প্রকল্পে&rsquo; ৩টি পদে ২৫ জনকে নিয়োগ দেওয়া হবে। আগ্রহীরা আগামী ০৬ জানুয়ারি পর্যন্ত আবেদন করতে পারবেন।প্রতিষ্ঠানের নাম: বাংলাদেশ টেলিভিশন (বিটিভি)প্রকল্পের নাম: দেশব্যাপী ডিজিটাল টেরিস্ট্রিয়াল সম্প্রচার প্রবর্তন (১ম পর্যায়) প্রকল্পপদের নাম: টেলিভিশন প্রকৌশলীপদসংখ্যা: ০৮ জনশিক্ষাগত যোগ্যতা: ইলেকট্রিক্যাল, ইলেকট্রনিক্স, মাইক্রোওয়েভ ইঞ্জিনিয়ারিংয়ে ডিগ্রি/পদার্থবিদ্যা বা ফলিত পদার্থবিদ্যায় স্নাতকোত্তর/সম্মানসহ স্নাতকোত্তর বেতন: ৩৫,৬০০ টাকা</p>', '1691964512221388.jpg', '1', '2021-02-17', 1, '2021-02-17 11:31:39', '2021-02-17 11:31:39'),
(94, 28, 'পেরুর ডায়েরি', 'পেরুর-ডায়েরি', '<p>পেরুর রাজধানী লিমায় অবতরণ করল আমাদের বহনকারী উড়োজাহাজ। যুক্তরাষ্ট্রের নিউজার্সির নিওয়ার্ক লিবার্টি আন্তর্জাতিক বিমানবন্দর থেকে যাত্রা শুরু করেছিলাম বেলা ১১টায়। মধ্যে ঘণ্টাখানেক বিরতির সময়টা কাটিয়েছি আটলান্টা বিমানবন্দরে।হোটেলের নাম হোসে আন্তোনিও। লিমার দে জুলিও রোডে অবস্থান। রাত ১২টা বাজল হোটেলে প্রবেশ করতে। সকাল আটটায় শুরু হবে আমাদের আনুষ্ঠানিক পেরু ভ্রমণ।<strong>২৮ আগস্ট ২০১৮</strong>সকাল সাড়ে আটটায় বেরিয়ে পড়লাম লিমা শহর ঘুরে দেখতে।শহরটার পতন হয় ১৫৩৫ সালে। তখন আদিবাসী ইনকাদের দেশে ইউরোপের স্পেন থেকে মানুষ আসতে শুরু করে। স্পেনের রাজা প্রথম চার্লসের জন্য ফ্রান্সেসকো পিজারো (১৪৭১-১৫৪১) এই লিমা শহর দখল করেন এবং উপনিবেশ স্থাপন করেন। সে ময় তাঁকে বাধা দিতে পুরো লিমা শহরের বাইরে প্রাচীর তৈরি করা হয়েছিল। সেই প্রাচীরের কিছু অংশের দেখা মেলে এখনো।স্প্যানিশদের শাসনামলের আগে পেরুর বাসিন্দারা &lsquo;কিনুয়া&rsquo; খেতেন। খেসারির ডালের মতো কালচে ধরনের শস্য এটি। এই শস্য ফলাতে গুয়ানো বা পাখির বিষ্ঠা থেকে সার তৈরি করে ব্যবহার করা হতো।দক্ষিণ আমেরিকার বলিভিয়া, চিলি, পেরু যুদ্ধে জড়িয়ে পরেছিল বিশেষ এই সারের কারণেই! পৃথিবীতে পাখির বিষ্ঠা নিয়ে একমাত্র যুদ্ধ!<strong>প্রাচীন বিহারে</strong>সেন্ট ফ্রান্সেসকো বিহার এবং চার্চটা ঘুরে দেখলাম। ১৫০০ শতকের স্থাপনা এটি। প্রতিষ্ঠার সেই সময়টাতেই প্রায় ৫০০ সন্ন্যাসী পড়াশোনা করতেন এখানে থেকে। এটাই ছিল দক্ষিণ আমেরিকার প্রথম বিশ্ববিদ্যালয়। তখন এখানে পড়ার সুযোগ পাওয়া ছিল সাধারণ মধ্যবিত্ত পরিবারের জন্য সম্মানের।চার্চটাও ঘুরে ঘুরে দেখলাম। স্থাপত্যশৈলীতে স্প্যানিশ সভ্যতার ছাপ। মুর মুসলিমদের ক্যালিগ্রাফির ছাপের দেখাও মিলল সেখানে। ছাদের সিলিংয়ের কাজে তুর্কি বা মুঘল সভ্যতার উঁকিঝুকি।</p>', '1691964609526389.jpg', '1', '2021-02-17', 1, '2021-02-17 11:33:12', '2021-02-17 11:33:12'),
(95, 28, 'বাঁশের ভেলায় ভাসব বলে', 'বাঁশের-ভেলায়-ভাসব-বলে', '<p>শীতের বিকেল স্বল্পায়ু&mdash;এ কথা জপতে জপতেও সেদিন পথে নামতে দেরি হলো। কারণও অবশ্য ছিল, ২১ সদস্যের বিশাল দলটির অনেকেই অ্যাডভেঞ্চারে অনভ্যস্ত। তার ওপর দীর্ঘ রাতজাগা যাত্রা&mdash;ঢাকা থেকে বাসে বান্দরবান। সেখান থেকে ভোরের আলো গায়ে মেখে চাঁদের গাড়িতে থানচি। ট্রলারে যখন রেমাক্রি পৌঁছালাম তখন দুপুর; অনেকের শরীরে ক্লান্তি যেন জেঁকে বসেছে।তাই রেমাক্রি থেকে জিন্নাপাড়ার উদ্দেশে রওনা দিয়ে অনেকের মুখের দিকে তাকানো যাচ্ছিল না! হাঁটাপথে প্রায় দেড় ঘণ্টা সবাই এভাবেই চললাম। এরপরই সেই অবাক করা বিষয়টা, দূর থেকে ভেসে আসা ঝরনার শব্দ যেই না কানে বাজল, একেকজনকে দেখি নড়েচড়ে উঠলেন। তাঁরা যেন এক অদ্ভুত সুখের গর্জন শুনে জেগে উঠলেন। আরও কিছুক্ষণ এগোনোর পরই পেয়ে গেলাম ঝরনা। নাম তার নাফাখুম। ততক্ষণে রাত, আকাশে চাঁদ জ্বলজ্বল করছে। সঙ্গে তার লাখো তারার মেলা। চাঁদের মৃদু আলোয় ঝরনা যেন সুরেলা হয়ে উঠল, রূপ মেলে ধরল। সেই ভালো লাগার মুহূর্ত ভাষায় বোঝানো সম্ভব নয়।আমরা অবশ্য বেশি সময় সেখানে থাকতে পারিনি। কারণ, জিন্নাপাড়া পৌঁছার তখনো অনেক পথ বাকি। আবার হাঁটা শুরু। দলের খুদে সদস্য অনন্যা এমনিতেই কাহিল। তার মধ্যে আচমকা তার শরীরেই পড়ল জোঁকের নজর! তার চিৎকারে যেন পাহাড়টাও নড়ে উঠল! এমন করে প্রায় অনেককেই ধরল চিনেজোঁক ও টাইগার জোঁক।</p>', '1691964652180015.jpg', '1', '2021-02-17', 1, '2021-02-17 11:33:53', '2021-02-17 11:33:53'),
(96, 28, 'দেশ ঘোরায় আসমার সেঞ্চুরি', 'দেশ-ঘোরায়-আসমার-সেঞ্চুরি', '<p>শততম দেশে লাল-সবুজের পতাকা উড়িয়ে কয়েক দিন আগে দেশে ফিরেছেন কাজী আসমা আজমেরী। এই নারী পরিব্রাজকের লক্ষ্য ছিল ২০১৮ সালের মধ্যে বাংলাদেশি পাসপোর্ট হাতে ১০০টি দেশ ভ্রমণ করা। গত ২৯ অক্টোবর তুর্কমেনিস্তানে পৌঁছে সেই লক্ষ্য ছুঁয়েছেন তিনি।<br />\r\nকাজী আসমা আজমেরীর স্বপ্নপূরণের দলিল হয়ে থাকল ছুটির দিনে। কারণ, গত ৫ মে &lsquo;আসমা ঘুরেছেন ৮৯ দেশ&rsquo; শিরোনামে তাঁকে নিয়ে প্রতিবেদন প্রকাশিত হয় ছুটির দিনেতে। তখন ফিরে এসেছিলেন ঢাকায়। এরপর ফিলিপাইন ভ্রমণের মাধ্যমে লক্ষ্যপূরণের সে যাত্রার শুরু করেছিলেন আজমেরী।<br />\r\nমঙ্গোলিয়ায়ফিলিপাইন থেকে মঙ্গোলিয়া, রাশিয়া, কানাডা, বেলারুশ, জর্জিয়া, আজারবাইজান, কাজাখস্তান, কিরগিজস্তান, উজবেকিস্তান হয়ে তুর্কমেনিস্তান পৌঁছে শত দেশ ভ্রমণের মাইলফলক ছুঁয়ে ফেলেন তিনি।<br />\r\nদেশ ঘোরায় সেঞ্চুরি করার উচ্ছ্বাস এখনো তাঁর কণ্ঠে। ১০ ডিসেম্বর কথায় কথায় শোনালেন ভ্রমণ অভিজ্ঞতা। তারই একটি ট্রান্স মঙ্গোলিয়ান ট্রেন ভ্রমণ। এ যাত্রায় চীনের বেইজিং থেকে বেলারুশে পৌঁছেছেন। পাড়ি দিয়েছেন ২০ হাজার কিলোমিটার পথ। বললেন, &lsquo;আবারও সে পথে যেতে চাই।&rsquo;<br />\r\nখুলনার মেয়ে কাজী আসমা আজমেরীর পরিব্রাজক জীবনের শুরু ২০০৮ সালে। তবে মনে মনে একা ঘোরার ইচ্ছেপাখিটা সযতনে পুষতেন ছোটবেলা থেকেই। দেশের বিভিন্ন জায়গা চষে বেড়িয়েছেন। একসময় পড়াশোনা শেষ করে চাকরি শুরু করেন। ইচ্ছেপূরণের শুরু তখনই।</p>', '1691964687926659.jpg', '1', '2021-02-17', 1, '2021-02-17 11:34:27', '2021-02-17 11:34:27'),
(97, 28, 'সুন্দরবনে তিন দিন', 'সুন্দরবনে-তিন-দিন', '<p>নোঙর তুলে এমভি কোকিলমনি যখন সুন্দরবনের দিকে রওনা দিল, তখন রূপসা নদীর পাড়ে আলোর ঝলকানি আর ঢাকের শব্দ। দুর্গাপূজার নবমী ছিল সেদিন। শহরের উৎসব দূর থেকে দেখতে দেখতেই চলে যাচ্ছিলাম সুন্দরবনের দিকে। পরবর্তী তিনটা দিন ফেসবুকের লাইক, কমেন্টের বুদ্​বুদের জগৎ থেকে দূরে।ধীরে ধীরে দিনের আলো মিলিয়ে গেল। চাঁদের আলো বাড়ছে চারপাশে। অক্টোবরের রাতটা ঠান্ডা হতে বেশ সময় নিচ্ছিল। তবে আমাদের গল্প জমতে সময় নিল না। লঞ্চের সামনের ডেকটায় পেছনের ইঞ্জিনের শব্দ তেমন আসে না বললেই চলে। তাই সেখানেই জমে উঠল আড্ডা। সারা দিনে ট্রেনের শব্দে যে কথাগুলো হারিয়ে গিয়েছিল, রূপসা নদীতে সেই রাতেই নির্জনতায় ফিরে এল তারা বারবার। লঞ্চ মোংলা থেমে আরও খানিকটা এগিয়ে গেল ঢাংমারি ফরেস্ট অফিসের দিকে। রাতের খাওয়ার পর ক্লান্ত শরীর নিয়ে সবাই চলে গেল নিজ নিজ কেবিনে। সে রাতে ঢাংমারি ফরেস্ট অফিসের কাছেই নোঙর করল আমাদের এমভি কোকিলমনি।<strong>বাঘের খোঁজে</strong>ভোরে ঘুম থেকে কাউকে ডেকে তুলতে হলো না। নোঙর তোলার ঘটর ঘটর শব্দে সবার ঘুম ভেঙে গেল প্রায় একসঙ্গেই। তখনো ভালো করে দিনের আলো ফোটেনি। কিন্তু আমাদের ভীষণ তাড়া। আজ বিকেলের মধ্যে কটকা যাওয়ার পরিকল্পনা। এর মধ্যে হারবাড়িয়াতে একটু ঢুঁ মারার চিন্তাও আছে। আপাতত সেই চিন্তা না করে প্রবল জোয়ারে ভেসে আসা লতাগুল্ম পাশ কাটিয়ে লঞ্চের এগিয়ে যাওয়া দেখি। কী দারুণ কর্মহীন সকাল। রাস্তায় গাড়ির কান ফাটানো হর্নের বদলে বন্ধুর প্রিয় কণ্ঠস্বর। আহা জীবন!হারবাড়িয়া ইকোপার্কের কাঠের ঘাটে ওঠাটাও বেশ অ্যাডভেঞ্চারের ব্যাপার। লঞ্চ থেকে সারি ধরে পেছনে বেঁধে রাখা নৌকাগুলোতে উঠে হারবাড়িয়া খালের ভেতর দিয়ে এখানে এসেছি বাঘ দেখতে। শুনেছি এখানের বিস্তীর্ণ গলা সমান ঘাসের ভেতর দিয়ে বাঘ ঘুরে বেড়ায়। সঙ্গে থাকা বনপ্রহরী সেটাই বলল অনেক আগ্রহ নিয়ে। আমরাও কেমন একটা গা ছমছমে ভাব নিয়ে বাঘ খুঁজি। বাঘের দেখা পাই বা না পাই, খোঁজার মধ্যেও কেমন যেন একটা রোমাঞ্চ বোধ করছিলাম। তবে একটা ব্যাপারে আমি নিশ্চিত, লঞ্চে নিরাপদ দূরত্বে বসে বাঘ দেখাটাই অনেক ভালো। কী দরকার হঠাৎ করে সামনে আসা বাঘ দেখার। সেটা যে খুব একটা সুখকর হবে না, তা তো নিশ্চিত।সে যা&ndash;ই হোক, বনপ্রহরী রবিউল ভাইয়ের জন্য খানিকটা মন খারাপ হলো। বেচারা খুব করে চাইছিলেন আমাদের একটা বাঘ দেখাতে। সুন্দরবনের বনপ্রহরী ভাইয়েরা আসলেই এমন আন্তরিক। আত্মীয়স্বজন ফেলে মাসের পর মাস এমন জঙ্গলে পড়ে থাকেন বলেই হয়তো দুই দিনের জন্য আসা পর্যটকদের সহজেই আপন করে নেন।</p>', '1691964755224221.jpg', '1', '2021-02-17', 1, '2021-02-17 11:35:31', '2021-02-17 11:35:31'),
(98, 28, 'কী নেই কাট্টলী বিলে!', 'কী-নেই-কাট্টলী-বিলে!', '<p>দীঘিনালা থেকে সকাল নয়টায় শুরু হলো রাঙামাটির লংগদু উপজেলার উদ্দেশে যাত্রা। এক ঘণ্টার পথ। তাই আগেই বন্দোবস্ত করা হয়েছিল একটি ইঞ্জিনচালিত নৌকা।লংগদুর হাসপাতাল ঘাটে অপেক্ষায় ছিল নৌকাটি। সে নৌকায় শুরু হলো আমাদের কাট্টলী যাত্রা। সঙ্গীরা কেউ নৌকার ছইয়ের ওপর আর কেউ নৌকার ভেতরে বসে পড়ল। আড্ডা জমতে সময় লাগল না। মুহূর্তেই সে আড্ডা রূপ নিল হইহুল্লোড়ে। কাপ্তাই হ্রদের গভীর জলরাশির বুক চিরে ছুটে চলেছে ইঞ্জিনচালিত নৌকা। কিছু দূর যেতে আবুলের টিলায় চোখে পড়ল শিকারের অপেক্ষায় মাচাংয়ে বসে আছে অনেক পানকৌড়ি। হ্রদে ছোট ছোট নৌকা নিয়ে মাছ ধরায় মগ্ন জেলেরা।আবুলের টিলা পেরিয়ে ফোরামুখ যেতেই একঝাঁক পাখি নৌকার ওপর দিয়ে উড়ে গিয়ে নামল লেকের পানিতে। তারপর নৌকার ঢেউয়ে দোল খেতে খেতে ইচ্ছেমতো ভেসে বেড়াল।</p>', '1691964802305543.jpg', '1', '2021-02-17', 1, '2021-02-17 11:36:16', '2021-02-17 11:36:16'),
(100, 28, 'যে দেশে কুমির বড় শ্রদ্ধার!', 'যে-দেশে-কুমির-বড়-শ্রদ্ধার!', '<p>সে অনেক অনেক দিন আগের কথা। সাগরে ডুবে যাচ্ছিল এক ছোট্ট ছেলে। এক কুমির তাকে পিঠে তুলে বাঁচায়। সেই থেকে ছেলেটিকে পিঠে নিয়েই পৃথিবীময় সাগর থেকে সাগরে ঘুরছে কুমিরটি। বছরের পর বছর। অতঃপর বৃদ্ধ কুমিরের যাওয়ার সময় হয়। পূর্ব তিমুরের এই অঞ্চলে এসে মারা যায় কুমিরটি। ছেলেটি নামল ডাঙায়। ততক্ষণে সে&ndash;ও পরিণত মানুষ, শুরু হলো এই অঞ্চলে মানুষের বসবাস।...এই মিথ কিংবা এমন গল্পের কারণেই পূর্ব তিমুরে কুমির বড় শ্রদ্ধার প্রাণী। তিমুরি ভাষায় আবো (কুমির) মানে পূর্বপুরুষ।</p>', '1691964842466117.jpg', '1', '2021-02-17', 1, '2021-02-17 11:36:54', '2021-02-17 11:36:54'),
(101, 27, 'সমাজ ও ইতিহাসের ধারায় বিশ্বায়ন', 'সমাজ-ও-ইতিহাসের-ধারায়-বিশ্বায়ন', '<p>বদরুল আলম খান একজন অধ্যাপক ও সমাজতাত্ত্বিক। প্রায় চার দশক ধরে শিক্ষকতা করছেন দেশে ও বিদেশের বিভিন্ন বিশ্ববিদ্যালয়ে। স্নাতক দর্শনে আর পিএইচডি করেছেন সমাজতত্ত্বে। আশির দশকে দেশে ফিরে এসে প্রায় দেড় দশক শিক্ষকতা করেছেন যথাক্রমে চট্টগ্রাম ও রাজশাহী বিশ্ববিদ্যালয়ে। প্রায় পচিশ বছর ধরে অভিবাসন জীবনযাপন করছেন অস্ট্রেলিয়ায়। আবারও নতুনভাবে পড়াশোনা করেছেন আন্তর্জাতিক সম্পর্কে। প্রায় দুই দশক ধরে শিক্ষকতা করছেন সেই দেশে সমাজ ও আন্তর্জাতিক সম্পর্ক বিভাগে। ড. খানের দৃষ্টিভঙ্গি ও মূল্যায়নের মধ্যে তাই বহুমাত্রিক জ্ঞানশৃঙ্খলার সমাবেশ ঘটেছে। দর্শন-সমাজতত্ত্ব ও আন্তর্জাতিক সম্পর্কের ইতিহাসবোধ মিলিয়ে নানা দৃষ্টির মিশেলে সাম্প্রতিক বছরগুলোতে আবার লেখায় ফিরে এসেছেন তিনি। যার ফলাফল প্রথমা থেকে প্রকাশিত তাঁর তিনটি বই। আমরা এখানে কথা বলব তাঁর তৃতীয় বই বিশ্বায়ন: ইতিহাস ও গতিধারা নিয়ে।</p>', '1691964919849095.jpg', '1', '2021-02-17', 1, '2021-02-17 11:38:08', '2021-02-17 11:38:08'),
(102, 27, 'নীলচে দিন', 'নীলচে-দিন', '<p>ছুটির দিনে এমন বীভৎস খবর শুনতে কারোরই ভালো লাগার কথা না। একে শীতের আমেজ, তার ওপর এমন সংবাদ, আমার মনে হলো আজ উঠে আর কাজ নেই। পর্দার ওপার থেকে কমলা রোদ এসে পড়ছে ঘরের ভেতর, সেখানে একটা ঘোড়া দাঁড়িয়ে আছে নিঃসঙ্গ। তীর্থ এখন এ ঘোড়ায় আর চাপে না। মাঝেমধ্যে শুধু টেনেটুনে এখানে&ndash;ওখানে রাখে। তীর্থর কণ্ঠ বাইরে, তার মায়ের সঙ্গে। বলছে, জুমু কই, জুমু?</p>', '1691964990817564.jpg', '1', '2021-02-17', 1, '2021-02-17 11:39:16', '2021-02-17 11:39:16'),
(103, 27, 'জীবনের যত মানবিক গল্প', 'জীবনের-যত-মানবিক-গল্প', '<p>মানুষই খবরের কেন্দ্রবিন্দু। আবুল কালাম মুহাম্মদ আজাদের&nbsp;<em>&nbsp;</em>বইটি আরও একবার আমাদের সেই অমোঘ সত্যটি স্মরণ করিয়ে দিল। আবুল কালাম মুহাম্মদ আজাদ&nbsp;সাংবাদিক। ২০ বছরে অসংখ্য মানবিক গল্প তিনি তুলে ধরেছেন&nbsp;&nbsp;পাতায়। তার থেকে বাছাই করা ৩০টি প্রতিবেদন নিয়ে এ বই।</p>', '1691965038474121.jpg', '1', '2021-02-17', 1, '2021-02-17 11:40:01', '2021-02-17 11:40:01'),
(104, 27, 'মিলির এলোমেলো ছবি', 'মিলির-এলোমেলো-ছবি', '<p>কাগজ, পেনসিল, রং...সবকিছু নিয়ে চুপচাপ বসে আছে মিলি। ছবি আঁকার প্রতিযোগিতা হচ্ছে। বিষয়: স্বাধীনতা। মিলি আশপাশে তাকিয়ে দেখল, কেউ আঁকছে স্মৃতিসৌধ, কেউ আঁকছে লাদেশের পতাকা, কেউ আঁকছে বীর মুক্তিযোদ্ধাদের ছবি। মিলি কী আঁকবে?&nbsp;&lsquo;নাহ! মাথায় কিচ্ছু আসছে না। ধুর!&rsquo; মনে মনে ভাবল সে। ওর মাথার মধ্যে বোধ হয় শুধু গোবর ভরা, তাও আবার পচে সার হয়ে গেছে। মিলি ক্লাস ফোরে পড়ে। স্কুলের বইয়ে সে পড়েছে, &lsquo;গরুর গোবর উৎকৃষ্ট সার।&rsquo; কিন্তু এই মুহূর্তে ওর সার কোনো কাজে আসছে না। ওদিকে দশ-দশটা মিনিট পার হয়ে গেছে।&nbsp;মিলির ঘাম হচ্ছে, প্রচণ্ড তেষ্টায় গলা শুকিয়ে কাঠ।&nbsp;&lsquo;আরে আরে! মনে হচ্ছে একটা বুদ্ধি উঁকি দিচ্ছে, কিন্তু মাথায় আসছে না।&rsquo; মিলি একটু পানি খেয়ে নিল। তাহলে হয়তো বুদ্ধিটা পেট থেকে মাথায় উঠে আসবে।</p>', '1691965103599229.jpg', '1', '2021-02-17', 1, '2021-02-17 11:41:03', '2021-02-17 11:41:03'),
(105, 27, 'চারুকলার ৭০ বছরের শিল্প-ইতিহাস', 'চারুকলার-৭০-বছরের-শিল্প-ইতিহাস', '<p>এ বছর পূর্ণ হলো শিল্পাচার্য জয়নুল আবেদিনের হাতে গড়া বাংলাদেেশ প্রাতিষ্ঠানিক চারুকলা শিক্ষার ৭০ বছর। ১৯৪৮ সালে আর্ট স্কুল পর্যায়ের ইনস্টিটিউট এখন ঢাকা বিশ্ববিদ্যালয়ের চারুকলা অনুষদ। ৭০ বছর পূর্তি উৎসবের অন্যতম আয়োজন ছিল &lsquo;প্রাক্তন ও বর্তমান শিক্ষক-শিল্পীদের শিল্পকর্ম প্রদর্শনী&rsquo;। জয়নুল আবেদিন, আনোয়ারুল হক, সফিউদ্দিন আহমেদ, শফিকুল আমীন, কামরুল হাসান প্রমুখ প্রতিষ্ঠাকালীন শিক্ষকদের কাজসহ এখানে ছিল বয়োকনিষ্ঠ শিক্ষকের ছবিও।</p>', '1691965150061153.jpg', '1', '2021-02-17', 1, '2021-02-17 11:41:48', '2021-02-17 11:41:48'),
(106, 27, 'মংপুর রবীন্দ্রনাথ?', 'মংপুর-রবীন্দ্রনাথ?', '<p>পশ্চিমবঙ্গের দার্জিলিং জেলার মংপুতে আছেন এক রবীন্দ্রনাথ। জীবনের একেবারে শেষবেলায় তিনি এখানে কয়েক দফা এসে বাস করে গেছেন। রেখে গেছেন এমন অমূল্য কিছু স্মারক, যার খোঁজ হয়তো রবীন্দ্র-অনুরাগীদেরও অনেকের অগোচর রয়ে গেছে। ২০১৬ সালে মংপু গিয়ে &lsquo;রবীন্দ্র ভবন&rsquo; নামের সংগ্রহশালাটিতে এমন অদৃষ্টপূর্ব কিছু সংগ্রহ আর তাদের অনাদর&ndash;অবহেলা দেখে বিস্মিত হয়েছিলাম। এরপর যথারীতি বিস্মৃতও হয়েছিলাম। সম্প্রতি মংপুর স্মৃতি ফিরে এল দুটি গুরুত্বপূর্ণ তথ্য জেনে। এক. এ বছর জুলাই মাসে জানা গেল পশ্চিমবঙ্গ সরকারের হেরিটেজ কমিশন ভবনটির সংস্কার করে যথাযথ সংরক্ষণ এবং একে রবীন্দ্র গবেষণার একটি কেন্দ্রে পরিণত করার সংকল্প ঘোষণা করেছেন। তবে চোরের দল সম্ভবত ওই সংকল্পটি আগেই করে ফেলেছিল। ফলে, দুই নম্বর তথ্য&mdash;দিনকয়েক আগে কাগজে দেখলাম মংপুর সংগ্রহশালা থেকে চুরি হয়ে গেছে রবীন্দ্রনাথের আঁকা আসল ছবি, ছবি আঁকার রং-তুলি-কালি, পাণ্ডুলিপি, তাঁর শখের হোমিওপ্যাথির সরঞ্জাম, দুর্লভ আলোকচিত্রসহ নানা কিছু।দার্জিলিং বেড়াতে গিয়ে, মৈত্রেয়ী দেবীর অতি-সুখপাঠ্য&nbsp;<em>মংপুতে রবীন্দ্রনাথ</em>&nbsp;পড়ার কারণেই সম্ভবত, মংপু দেখার আকর্ষণ রোধ করা গেল না। পাঠ্যবই সূত্রে আমাদের জানা আছে যে সিঙ্কোনাগাছের ছাল থেকে ম্যালেরিয়ার ওষুধ কুইনাইন পাওয়া যায়। ভারতে প্রথম কুইনাইন বড়ি তৈরির কারখানা স্থাপিত হয় মংপুতে ১৮৬৪ সালে, কারণ সিঙ্কোনাগাছ এ অঞ্চলেই বিশেষভাবে পাওয়া যায়। মৈত্রেয়ী দেবীর স্বামী মনমোহন সেন ছিলেন এখানে কর্মকর্তা এবং কারখানার প্রবেশপথের উল্টো দিকেই ছিল তাঁর বাংলো। রবীন্দ্রনাথ ১৯৩৮ থেকে ১৯৪০ সালের মধ্যে চারবার এ বাংলোতে এসে বাস করেছেন। ১৯৪০ সালে শেষবারের মতো জন্মদিন উপলক্ষে এখানে বসেই তিনি রচনা করেন &lsquo;জন্মদিন&rsquo; নামের কবিতাটি এবং এটি কলকাতা রেডিওতে সরাসরি প্রচারের জন্য তিনি কালিম্পং থেকে টেলিফোনে কবিতাটি আবৃত্তিও করেন।</p>', '1691965200570354.jpg', '1', '2021-02-17', 1, '2021-02-17 11:42:36', '2021-02-19 15:37:38'),
(108, 13, 'কোম্পানীগঞ্জে কাদের মির্জার মিছিলে পুলিশের লাঠিপেটা', 'কোম্পানীগঞ্জে-কাদের-মির্জার-মিছিলে-পুলিশের-লাঠিপেটা', '<p>নোয়াখালীর কোম্পানীগঞ্জে সেতুমন্ত্রী ও আওয়ামী লীগের সাধারণ সম্পাদক ওবায়দুল কাদেরের ভাই আবদুল কাদের মির্জার ডাকে সকাল-সন্ধ্যা হরতাল চলছে। আজ শনিবার সকাল সাড়ে সাতটার দিকে কাদের মির্জার নেতৃত্বে হরতালের সমর্থনে বের হওয়া একটি মিছিলে পুলিশ লাঠিপেটা করে। এতে কয়েকজন আহত হয়েছেন বলে কাদের মির্জার পক্ষ থেকে বলা হয়েছে। হরতালের সমর্থনে তাঁর সমর্থকেরা বিক্ষিপ্তভাবে বিভিন্ন এলাকায় পিকেটিং করছেন।</p>\r\n\r\n<p>প্রত্যক্ষদর্শীরা বলেন, সকাল সাড়ে সাতটার দিকে কাদের মির্জার নেতৃত্বে তাঁর অনুসারীরা লাঠিসোঁটা হাতে হরতালের সমর্থনে মিছিল বের করেন। মিছিলটি বসুরহাট রুপালি চত্বর থেকে থানার দিকে যায়। এ সময় থানার সামনে অবস্থানকারী পুলিশ সদস্যদের সঙ্গে বাগ্&zwnj;বিতণ্ডা হয় কাদের মির্জার। একপর্যায়ে কাদের মির্জা মিছিল নিয়ে সামনের দিকে এগোতে থাকলে পেছন থেকে পুলিশ ধাওয়া দেয় এবং লাঠিপেটা করে। এ সময় মিছিলকারীরা ছত্রভঙ্গ হয়ে ছড়িয়ে গেলেও কাদের মির্জা সড়কের ওপর প্রায় আধা ঘণ্টা বসে থাকেন। পরে দলীয় ও পরিবারের লোকজন তাঁকে সেখান থেকে পৌরসভা কার্যালয়ে নিয়ে যান।</p>\r\n\r\n<p>কোম্পানীগঞ্জ থানার ভারপ্রাপ্ত কর্মকর্তা (ওসি) মীর জাহেদুল হক সকাল নয়টার দিকে প্রথম আলোকে মুঠোফোনে বলেন, সকালে কাদের মির্জার নেতৃত্বে তাঁর অনুসারীরা লাঠিসোঁটা নিয়ে থানার দিকে হামলা করতে আসেন। এ সময় থানার সামনে অবস্থাকারী জ্যেষ্ঠ কর্মকর্তাদের উদ্দেশ করে কাদের মির্জা অশালীন উক্তি ও মারমুখী আচরণ করেন। একপর্যায়ে কাদের মির্জা সমর্থকদের নিয়ে থানার ভেতরে ঢুকে পড়তে উদ্যত হলে পুলিশ ধাওয়া করে তাঁদের ছত্রভঙ্গ করে দেয়। এ সময় কাদের মির্জা থানার সামনে সড়কের ওপর প্রায় আধা ঘণ্টা বসে থাকেন।</p>\r\n\r\n<p>নোয়াখালী ও ফেনীর দুই সাংসদের অপরাজনীতি বন্ধে ব্যবস্থা গ্রহণ এবং নোয়াখালীর ডিসি, এসপি, কোম্পানীগঞ্জ থানার ওসি ও পরিদর্শক তদন্তকে প্রত্যাহারসহ বিভিন্ন দাবিতে আবদুল কাদের মির্জার ডাকে গত বৃহস্পতিবার হরতাল পালিত হয়। আজকের হরতালের বিষয়ে জানতে গতকাল শুক্রবার রাত পৌনে ১১টার দিকে আবদুল কাদের মির্জার মুঠোফোনে একাধিকবার কল দেওয়া হলেও তিনি ধরেননি। পরে একই বিষয়ে জানতে উপজেলা আওয়ামী লীগের জ্যেষ্ঠ সহসভাপতি ইস্কান্দার হায়দার চৌধুরীকে ফোন দেওয়া হলে তিনি বলেন, শুক্রবার বিকেলে উপজেলার চাপরাশিরহাট বাজারে দলের নেতা-কর্মীদের ওপর হামলার ঘটনার প্রতিবাদে রাতে বসুরহাট শহরে বিক্ষোভ মিছিল বের করা হয়। কাদের মির্জার নেতৃত্বে বের হওয়া মিছিল শেষে রাতে শনিবার হরতালের ঘোষণা দেন তিনি।</p>\r\n\r\n<p><img alt=\"নোয়াখালীর কোম্পানীগঞ্জ থানার সামনে হরতালের সমর্থনে বের করা কাদের মির্জার মিছিলে পুলিশের বাধা। আজ শনিবার সকাল সাড়ে সাতটার দিকে\" src=\"https://images.prothomalo.com/prothomalo-bangla%2F2021-02%2F7a8e2896-e0f8-4588-a663-49668c3753ff%2FNoakhali_DH0516_20210220_Noakhali_HARTAL_MIRZA_20022021_2.jpg?auto=format%2Ccompress&amp;format=webp&amp;w=720&amp;dpr=1.0\" /></p>\r\n\r\n<p>নোয়াখালীর কোম্পানীগঞ্জ থানার সামনে হরতালের সমর্থনে বের করা কাদের মির্জার মিছিলে পুলিশের বাধা। আজ শনিবার সকাল সাড়ে সাতটার দিকে</p>\r\n\r\n<p>প্রথম আলো</p>\r\n\r\n<p>পুলিশ ও স্থানীয় সূত্রে জানা গেছে, গতকাল বিকেল পাঁচটার দিকে চাপরাশিরহাট বাজারসংলগ্ন বাড়িতে মতবিনিময় সভা শেষে দলীয় নেতা-কর্মীদের নিয়ে ওবায়দুল কাদেরের বিরুদ্ধে কটূক্তি ও অপপ্রচারের প্রতিবাদে একটি বিক্ষোভ মিছিল বের করেন উপজেলা আওয়ামী লীগের সাংগঠনিক সম্পাদক ও উপজেলা পরিষদের সাবেক চেয়ারম্যান মিজানুর রহমান বাদল। মিছিলটি চাপরাশিরহাট বাজারে এলে সেখানে অবস্থানকারী কাদের মির্জার অনুসারী একদল কর্মী মিছিলে হামলা চালান। এ সময় সেখানে উপস্থিত পুলিশ দুই পক্ষকে দুদিকে সরিয়ে দিয়ে পরিস্থিতি নিয়ন্ত্রণে আনে। এ ঘটনার পর কাদের মির্জার একদল নেতা-কর্মী মোটরসাইকেল ও মাইক্রোবাসে করে চাপরাশিরহাট বাজারসংলগ্ন মিজানুর রহমান বাদলের বাড়িতে হামলা চালান। এ সময় দুই পক্ষের মধ্যে দ্বিতীয়বার সংঘর্ষের ঘটনা ঘটে। এ সময় দুই পক্ষের পাঁচজন গুলিবিদ্ধসহ অন্তত ২০ জন আহত হয়েছেন।</p>', '1692187016835674.png', '1', '2021-02-20', 1, '2021-02-20 04:28:18', '2021-02-20 05:25:53'),
(109, 13, 'ভারত অযৌক্তিক হস্তক্ষেপ করছে: কল্যাণ পার্টি', 'ভারত-অযৌক্তিক-হস্তক্ষেপ-করছে:-কল্যাণ-পার্টি', '<p>কল্যাণ পার্টির চেয়ারম্যান মেজর জেনারেল (অব.) সৈয়দ মুহাম্মদ ইবরাহিম অভিযোগ করেছেন, বাংলাদেশ নিয়ে ভারত অযৌক্তিক হস্তক্ষেপ করছে। ভারতের সাবেক রাষ্ট্রপতি প্রণব মুখার্জির লেখা বইতেও এর প্রমাণ আছে। ২০১৪ সালে দেশটির পররাষ্ট্রসচিব সুজাতা সিং বাংলাদেশে এসে যে হস্তক্ষেপ করেছেন, তা আর চায় না কল্যাণ পার্টি।</p>\r\n\r\n<p>আজ বৃহস্পতিবার বিকেলে মহাখালীর ডিওএসএইচের কার্যালয়ে &lsquo;বাংলাদেশ-ভারত সাম্প্রতিক সম্পর্ক&rsquo; শীর্ষক এক সংবাদ সম্মেলনে এক প্রশ্নের জবাবে সৈয়দ মুহাম্মদ ইবরাহিম এসব কথা বলেন।</p>\r\n\r\n<p>সৈয়দ ইবরাহিম বলেন, এই সরকারের অধীনে কল্যাণ পার্টি সংসদ নির্বাচনে যাবে না। একটি নিরপেক্ষ সরকার ও নতুন করে গঠিত নির্বাচন কমিশনের অধীনে কল্যাণ পার্টি নির্বাচন করতে চায়। এ জন্য এখন থেকেই সরকারকে তা করতে বাধ্য করতে হবে। আগামী সংসদ নির্বাচনে কল্যাণ পার্টি ২০০ আসনে প্রার্থী দেবে।</p>\r\n\r\n<p>সম্প্রতি আল&ndash;জাজিরার প্রচারিত তথ্যচিত্র প্রসঙ্গে লিখিত বক্তব্যে বলা হয়, এ বিষয়ে বস্তুনিষ্ঠ তদন্তের মাধ্যমে সশস্ত্র বাহিনীর ভাবমূর্তি অক্ষুণ্ন রাখা অপরিহার্য বলে মনে করে কল্যাণ পার্টি।</p>\r\n\r\n<p>সংবাদ সম্মেলনে আরও উপস্থিত ছিলেন কল্যাণ পার্টির ভারপ্রাপ্ত মহাসচিব নুরুল কবির ভূঁইয়া, বাংলাদেশ জাতীয় দলের সভাপতি এহসানুল হুদা, এনডিপির সভাপতি এম এ তাহের, বাংলাদেশ মুসলিম লীগ (বিএমএল) সেক্রেটারি জেনারেল শেখ জুলফিকার বুলবুল চৌধুরী প্রমুখ।</p>', '1692187297066930.jpeg', '1', '2021-02-20', 1, '2021-02-20 04:32:44', '2021-02-20 05:24:25'),
(110, 13, 'এপারে ফেরিতে, ওপারে গাড়িতে উঠতে বাধা ইশরাককে', 'এপারে-ফেরিতে,-ওপারে-গাড়িতে-উঠতে-বাধা-ইশরাককে', '<p>বরিশালের সমাবেশে যোগ দেওয়ার পথে আজ বৃহস্পতিবার সকালে মাওয়া ফেরিঘাটে বাধার সম্মুখীন হয়েছেন বলে অভিযোগ করেছেন বিএনপি নেতা ইশরাক হোসেন। তিনি বলেন, তাঁর গাড়িবহরকে ফেরিতে উঠতে দেওয়া হয়নি। পরে তিনি নেতা&ndash;কর্মীদের নিয়ে লঞ্চযোগে বরিশালের উদ্দেশে রওনা দেন।</p>\r\n\r\n<p>প্রত্যক্ষদর্শীরা জানান, লঞ্চে করে মাদারীপুরের শিবচরের কাঁঠালবাড়ি ঘাটে ইশরাক হোসেন ও তাঁর সঙ্গীরা পৌঁছালে ঘাট এলাকার সব যানবাহন বন্ধ করে দেওয়া হয়। পরে স্থানীয় এক নেতার গাড়ি নিয়ে সমাবেশের উদ্দেশ্যে রওনা দেন ইশরাক হোসেন। যদিও তাঁর সঙ্গে থাকা অন্য নেতা&ndash;কর্মীরা ঘাটে অবস্থান করতে বাধ্য হন।</p>\r\n\r\n<p>এই বহরে থাকা আমিনুল প্রথম আলোকে বলেন, লঞ্চে মাদারীপুর এলেও বরিশাল যাওয়ার মতো কোনো যানবাহন তাঁরা পাচ্ছেন না। কেউই তাঁদের নিতে চাচ্ছেন না। ঘাটে ওই রুটে যাতায়াতের অনেকগুলো মাইক্রোবাস দাঁড়িয়ে থাকলেও কেউ তাঁদের নিতে চাচ্ছে না। বেশির ভাগ মাইক্রোর চালকেরা পর্যন্ত গাড়ি রেখে সেখান থেকে সরে গেছেন। &nbsp;</p>\r\n\r\n<p>একজন মাইক্রোর চালক বলেন, তিনি যেতে পারবেন না। তাঁর গাড়ি রিজার্ভ করে রাখা।</p>\r\n\r\n<p>অবশ্য আমিনুল বলেন, এখানে কোনো মাইক্রোবাসই যেতে চাচ্ছে না। তাদের বহরের লোকজনদের নিতে নিষেধ করা হয়েছে।</p>\r\n\r\n<p>এদিকে বরিশালের উদ্দেশে ইশরাক হোসেনের গাড়িবহর মাদারীপুরের মোস্তফাপুর এলাকায় প্রবেশ করলে সেখানকার বিএনপির স্থানীয় নেতা&ndash;কর্মীরা শুভেচ্ছে জানান।</p>\r\n\r\n<p>পরে ইশরাক হোসেন প্রথম আলোকে বলেন, সব বাধা পেরিয়ে ভোটার অধিকার আদায়ের আন্দোলনের অংশ হিসেবে সমাবেশে তিনি যোগ দেবেন। তিনি সরকারের উদ্দেশে বলেন, সমাবেশে যোগ দিলে কী হয়, সমাবেশ করলে কী হয়? সমাবেশ গণতান্ত্রিক অধিকার।</p>\r\n\r\n<p>বরিশালে বিভিন্ন নির্বাচনে অংশ নেওয়া মেয়র প্রার্থীদের সমাবেশ হবে আজ বিকেলে। ইশরাক সেখানেই যাচ্ছিলেন।</p>\r\n\r\n<p>জানতে চাইলে শিমুলিয়া ঘাটের বাণিজ্য ব্যবস্থাপক শাফায়েত আহমেদ প্রথম আলোর মুন্সিগঞ্জ প্রতিনিধিকে বলেন, সকাল সাড়ে ৮টা থেকে ১০ পর্যন্ত ফেরিগুলোর বেশির ভাগ মাদারীপুরের শিবচর ঘাট এলাকায় ছিল। এপারে যে কয়েকটি ফেরি ছিল, তা&ndash;ও পরিপূর্ণ ছিল। এ কারণে বহরের গাড়িগুলো যেতে পারেনি। তিনি বলেন, এই রুটে ১৩টি ফেরি চলাচল করে। এর মধ্যে ৮&ndash;৯টি ওপারে ছিল। এপারে থাকা বাকিগুলোতে গাড়ি পূর্ণ হয়ে গিয়েছিল। এ ধরনের ঘটনা আগে ঘটেছে কি না, জানতে চাইলে শাফায়েত বলেন, কখনো কখনো হয়। ফেরি সব &lsquo;ওয়ান সাইডেড&rsquo; (নদীর পাড়ের এক পাশে অবস্থান করা) হয়ে যায়।</p>', '1692187881540801.jpg', '1', '2021-02-20', 1, '2021-02-20 04:42:01', '2021-02-20 05:24:16'),
(111, 13, '‘শিক্ষার্থীদের ওপর হামলায় ছাড় দেওয়া হবে না’', '‘শিক্ষার্থীদের-ওপর-হামলায়-ছাড়-দেওয়া-হবে-না’', '<p>বরিশাল বিশ্ববিদ্যালয়ের শিক্ষার্থীদের ওপর হামলার ঘটনায় নিন্দা ও প্রতিবাদ জানিয়েছে বাংলাদেশ ছাত্র অধিকার পরিষদ জগন্নাথ বিশ্ববিদ্যালয় শাখা। আজ বুধবার বাংলাদেশ ছাত্র অধিকার পরিষদ জগন্নাথ বিশ্ববিদ্যালয় শাখার এক বিবৃতিতে বলা হয়, জড়িত ব্যক্তিদের দ্রুত আইনের আওতায় এনে বিচারকার্য শেষ করতে হবে।</p>\r\n\r\n<p>অপরাধীদের দ্রুত আইনের আওতায় আনা না হলে বাংলাদেশ ছাত্র অধিকার পরিষদ সারা দেশের শিক্ষার্থীদের সঙ্গে নিয়ে উপযুক্ত জবাব দেবে। শিক্ষার্থীদের ওপর হামলায় বিন্দু পরিমাণ ছাড় দেওয়া হবে না।</p>\r\n\r\n<p>বিবৃতিতে আরও বলা হয়, বরিশাল বিশ্ববিদ্যালয়ের শিক্ষার্থীদের ওপর গভীর রাতে দেশীয় ধারালো অস্ত্র, লাঠিসোঁটা, রড দিয়ে প্রায় এক ঘণ্টা ধরে নগরের বিভিন্ন মেসে ন্যক্কারজনক হামলার ঘটনা ঘটানো হয়েছে।</p>\r\n\r\n<p>এতে ১১ শিক্ষার্থীসহ অনেকেই আহত হয়েছেন। এ ঘটনায় ছাত্রসমাজ মর্মাহত। শিক্ষার্থীদের ওপর এ রকম হামলার ঘটনা নতুন নয়। শিক্ষার্থীরা বিভিন্ন সময়ে হেনস্তা ও হামলার শিকার হন।</p>\r\n\r\n<p>বিবৃতিতে আরও বলা হয়, শিক্ষার্থীরা এ রকম অন্যায়ভাবে হামলার শিকার ও অসম্মানিত হতে থাকলে দেশ ও ভবিষ্যৎ প্রজন্মকে বড় বাধার সম্মুখীন হতে হবে।</p>', '1692187961394288.jpg', '1', '2021-02-20', 1, '2021-02-20 04:43:17', '2021-02-20 05:24:10'),
(112, 15, 'সেদিন শাহরুখের সঙ্গে যে কথা হয়েছিল ফেরদৌসের', 'সেদিন-শাহরুখের-সঙ্গে-যে-কথা-হয়েছিল-ফেরদৌসের', '<p>ভারত ও বাংলাদেশ&mdash;দুই দেশের সিনেমায় অভিনয়ের সুবাদে বলিউড কিং শাহরুখ খানের সঙ্গে দেখা হয়েছিল বাংলাদেশের অভিনেতা ফেরদৌসের। প্রথম দেখাতেই ফেরদৌসকে মুম্বাইতে গিয়ে অভিনয়ের আমন্ত্রণ জানিয়েছিলেন শাহরুখ। সম্প্রতি প্রথম আলোর কাছে সেদিনের স্মৃতিচারণা করলেন।<br />\r\nসম্প্রতি ফেসবুকে ফেরদৌস, শাহরুখ খান, ঋতুপর্ণ ঘোষ ও ঋতুপর্ণা সেনগুপ্তর একটি ছবি পাওয়া যায়। ছবির গল্প জানতে ফেরদৌসের সঙ্গে যোগাযোগ করা হলে তিনি এই তথ্য দেন। তবে এই ছবিটি দেখে বিস্মিত হন ফেরদৌস। তিনি জানান, ছবিটি ২০ বছর আগে কলকাতার পার্ক হোটেলে তোলা। &lsquo;আনন্দলোক&rsquo; আয়োজিত একটি পুরস্কার বিতরণী অনুষ্ঠানে অংশ নিতে গিয়ে শাহরুখ খানের সঙ্গে তাঁর দেখা হয়। এরপর শাহরুখ খানের আমন্ত্রণে তাঁরা নৈশভোজেও অংশ নেন।</p>\r\n\r\n<p><img alt=\"চিত্রনায়ক ফেরদৌস\" src=\"https://images.prothomalo.com/prothomalo-bangla%2F2020-12%2Fb08baa92-2e83-435f-b47d-820796ecca25%2F101549574_3429508490411453_2821809217676246574_o.jpg?auto=format%2Ccompress&amp;format=webp&amp;w=720&amp;dpr=1.0\" /></p>\r\n\r\n<p>চিত্রনায়ক ফেরদৌস</p>\r\n\r\n<p>ছবি : ফেসবুক</p>\r\n\r\n<p>অভিনয়জীবনের শুরুতে &lsquo;হঠাৎ বৃষ্টি&rsquo; ছবি দিয়ে আলোচনায় আসেন ফেরদৌস। বাসু চ্যাটার্জির এই ছবির পর কাছাকাছি সময়ে বলিউডেও অভিনয়ের সুযোগ হয়। &lsquo;মিট্টি&rsquo; ছবির শুটিংয়ের ফাঁকে শাহরুখ খানের সঙ্গে প্রথমবারের মতো দেখা হয় বাংলাদেশের ফেরদৌসের। সেই দিনের ঘটনার কথা মনে করে ফেরদৌস বলেন, &lsquo;ঘটনাটা সম্ভবত ২০০১ সালের দিকে। &ldquo;হঠাৎ বৃষ্টি&rdquo; সিনেমায় অভিনয়ের জন্য আনন্দলোক থেকে সেরা নবাগত নায়কের পুরস্কার পেয়েছিলাম। সেই অনুষ্ঠানে অতিথি হয়ে এসেছিলেন শাহরুখ খান। পুরস্কার প্রদান মঞ্চেই তাঁর সঙ্গে কথা হয়। মিঠুন চক্রবর্তী পরিচয় করিয়ে দিয়েছিলেন। অনেক মজা করেছিলাম।&rsquo;</p>\r\n\r\n<p><img alt=\"শাহরুখ খান। \" src=\"https://images.prothomalo.com/prothomalo%2Fimport%2Fmedia%2F2020%2F03%2F27%2F4a4c360d6005f17f6c012939c79fded6-5e7e2c1da9537.jpg?auto=format%2Ccompress&amp;format=webp&amp;w=720&amp;dpr=1.0\" /></p>\r\n\r\n<p>শাহরুখ খান।&nbsp;</p>\r\n\r\n<p>ছবি : ফেসবুক থেকে</p>\r\n\r\n<p>ফেরদৌস জানালেন, ২০ বছর আগে কলকাতায় তখন &lsquo;স্বপ্নের ফেরিওয়ালা&rsquo; নামে একটি সিনেমা মুক্তি পায়। মুক্তির আগে আনন্দলোক ম্যাগাজিনে তাঁকে নিয়ে একটি ফিচার প্রকাশিত হয়। ওই সাময়িকীর একই সংখ্যার প্রচ্ছদে ছিলেন বলিউডের শাহরুখ খান। ফেরদৌস বললেন, &lsquo;শাহরুখ খানের সঙ্গে &ldquo;আনন্দলোক&rdquo; ম্যাগাজিনের সম্পাদক ঋতুপর্ণ ঘোষের আলাপ হয়। ঋতুর কাছেই শুনেছি, ম্যাগাজিন দেখে শাহরুখ জিজ্ঞেস করেছিলেন, এই ছেলেটি (আমাকে দেখিয়ে) কে? ঋতুপর্ণ উত্তর দিলেন, &ldquo;ও ফেরদৌস। বাংলাদেশি অ্যাক্টর। এখানে (কলকাতায়) কিছু কাজ করছে। বাসুদার ছবিতেও অভিনয় করেছে। সে খুব ভালো করছে।&rdquo; শাহরুখ তখন বলেছিলেন, &ldquo;আমি ওর সঙ্গে দেখা করব।&rdquo; ঋতুপর্ণ বলেছিলেন, &ldquo;আজকে তুমি যে অনুষ্ঠানে যাচ্ছ, ওই অনুষ্ঠানে ফেরদৌস অ্যাওয়ার্ড পাবে।&rdquo; অ্যাওয়ার্ড নিতে গেলাম। মঞ্চে দেখা হলো তাঁর সঙ্গে। তখন আবার মিঠুন চক্রবর্তী পরিচয় করিয়ে দিলেন। অল্প সময়ে আমরা খুব মজা করলাম। কারণ, মিঠুনদার সঙ্গে আগে থেকেই পরিচয় ছিল। আমারই একটা ছবিতে অতিথি চরিত্রে অভিনয় করেছিলেন তিনি। পরে ঋতুপর্ণের মাধ্যমে শাহরুখ আমাদের ডিনারের দাওয়াত দেন।&rsquo;</p>\r\n\r\n<p><img alt=\"চিত্রনায়ক ফেরদৌস\" src=\"https://images.prothomalo.com/prothomalo-bangla%2F2020-12%2F75a09abc-5404-4ee7-a33b-947b044d09e0%2F14380011_1370914939604162_3419168548366159801_o.jpg?auto=format%2Ccompress&amp;format=webp&amp;w=720&amp;dpr=1.0\" /></p>\r\n\r\n<p>চিত্রনায়ক ফেরদৌস</p>\r\n\r\n<p>ছবি:ফেসবুক</p>\r\n\r\n<p>কলকাতায় পার্ক হোটেলে সেদিনের নৈশভোজে ফেরদৌস, ঋতুপর্ণ ঘোষ ও ঋতুপর্ণা সেনগুপ্ত অংশ নেন। ফেরদৌস বললেন, &lsquo;বাংলাদেশের সিনেমা নিয়ে কথা হয়। সালমান শাহকে নিয়েও আলাপ হয়। সালমান শাহর মৃত্যুর খবরে খুব দুঃখ প্রকাশ করেছিলেন শাহরুখ। আমাকে বলেছিলেন, দিল্লিতে তাঁদের দেখা হয়েছিল। তাঁদের একসঙ্গে অভিনয় করার কথাও ছিল। কথায় কথায় আমাকে বলেছিলেন, মুম্বাই গিয়ে কাজ করতে। বলেছিলাম, মিট্টি নামের একটা ছবিতে আমি তো অলরেডি অভিনয় করছি। পরের বছর টাইমস অব ইন্ডিয়ার একটি অনুষ্ঠানে আমাদের দেখা হয়। কলকাতা নাইট রাইডার্সের একটা ইভেন্টেও আমাদের দেখা হয়। দুঃখজনক হচ্ছে, ঢাকায় যখন এসেছিলেন তিনি, আমাদের দেখা হয়নি। কারণ, তখন আমি দেশের বাইরে ছিলাম।&rsquo;</p>', '1692188116732012.png', '1', '2021-02-20', 1, '2021-02-20 04:45:46', '2021-02-20 05:22:41'),
(113, 15, 'এ টি এম শামসুজ্জামান আর নেই', 'এ-টি-এম-শামসুজ্জামান-আর-নেই', '<p>অভিনেতা এ টি এম শামসুজ্জামান আর নেই। তিনি আজ শনিবার সকাল ৮টায় নিজ বাসায় শেষনিশ্বাস ত্যাগ করেন (ইন্না লিল্লাহি ওয়া ইন্না ইলাইহি রাজিউন)। প্রথম আলোকে তাঁর মৃত্যুর খবরটি নিশ্চিত করেন তাঁর মেয়ে কোয়েল আহমেদ। এ টি এম শামসুজ্জামান স্ত্রী, তিন মেয়ে ও দুই ছেলে রেখে গেছেন। তাঁর বয়স হয়েছিল ৮০ বছর।</p>\r\n\r\n<p>বেশ কয়েক বছর ধরে নানান শারীরিক সমস্যায় ছিলেন এ টি এম শামসুজ্জামান। ২০১৯ সালের ২৬ এপ্রিল রাতেও বাসায় অসুস্থ হয়ে পড়েন তিনি। সেদিন তাঁর খুব শ্বাসকষ্ট হচ্ছিল। সে রাতে তাঁকে রাজধানীর গেন্ডারিয়ার একটি হাসপাতালে ভর্তি করা হয়। এ টি এম শামসুজ্জামানের অন্ত্রে প্যাঁচ লেগেছিল। সেখান থেকে আন্ত্রিক প্রতিবন্ধকতা। এতে বিভিন্ন উপসর্গ দেখা দেয়। তাঁর দেহে অস্ত্রোপচার করা হয়। এরপর কিছু শারীরিক জটিলতা হয়।</p>\r\n\r\n<p><img alt=\"এ টি এম শামসুজ্জামান। ছবি: ফেসবুক থেকে নেওয়া\" src=\"https://images.prothomalo.com/prothomalo%2Fimport%2Fmedia%2F2019%2F11%2F26%2Ffe210e57c5de37743c4fbab543eed009-5ddcdf398610e.jpg?auto=format%2Ccompress&amp;format=webp&amp;w=720&amp;dpr=1.0\" /></p>\r\n\r\n<p>এ টি এম শামসুজ্জামান। ছবি: ফেসবুক থেকে নেওয়া</p>\r\n\r\n<p>২০১৯ সালের ডিসেম্বরে সর্বশেষ আবারও এ টি এম শামসুজ্জামানকে হাসপাতালে ভর্তি করানো হয়। তখন বঙ্গবন্ধু শেখ মুজিব মেডিকেল বিশ্ববিদ্যালয়ের কেবিন ব্লকের তৃতীয় তলায় তাঁর চিকিৎসাসেবা চলে। দেশে করোনার প্রাদুর্ভাব শুরুর আগে চিকিৎসা শেষে বাসায় নিয়ে যাওয়া হয় এ অভিনেতাকে।</p>\r\n\r\n<p>এক বছর ধরে শারীরিকভাবে ভালোই ছিলেন। কোনো সমস্যা দেখা দেয়নি। বাসায় চিকিৎসা চলছিল। হঠাৎ গত বুধবার বিকেলে তীব্র শ্বাসকষ্ট নিয়ে হাসপাতালে ভর্তি করা হয় তাঁকে। এবার শ্বাসকষ্ট দেখে চিকিৎসকেরা প্রথম দিকে ধারণা করেছিলেন, এ টি এম শামসুজ্জামান করোনায় আক্রান্ত। পরে পরীক্ষার জন্য নমুনা নেওয়া হয়। ফলাফলে জানা যায় করোনা নেগেটিভ। এ ছাড়া দুই দিনের চিকিৎসায় তাঁর শারীরিক সব পরীক্ষা-নিরীক্ষা সম্পূর্ণ হয়েছে। অবস্থা কিছুটা ভালো হলে গতকাল শুক্রবার হাসপাতাল থেকে বাসায় নেওয়া হয় তাঁকে। কিন্তু আজ হঠাৎই আবার তিনি অসুস্থ হয়ে পড়েন।</p>\r\n\r\n<p><img alt=\"এ টি এম শামসুজ্জামান \" src=\"https://images.prothomalo.com/prothomalo-bangla%2F2021-02%2F5bc2372b-0f4f-478d-b1f1-e341ec506fff%2FATM_Shamsuzzman___Copy.png?auto=format%2Ccompress&amp;format=webp&amp;w=720&amp;dpr=1.0\" /></p>\r\n\r\n<p>এ টি এম শামসুজ্জামান&nbsp;</p>\r\n\r\n<p>ছবি: প্রথম আলো</p>\r\n\r\n<p>১৯৪১ সালের ১০ সেপ্টেম্বর নোয়াখালীর দৌলতপুরে নানাবাড়িতে জন্মগ্রহণ করেন এ টি এম শামসুজ্জামান। গ্রামের বাড়ি লক্ষ্মীপুর জেলার ভোলাকোটের বড়বাড়ি আর ঢাকায় থাকতেন দেবেন্দ্র নাথ দাস লেনে। পড়াশোনা করেছেন ঢাকার পোগোজ স্কুল, কলেজিয়েট স্কুল ও রাজশাহীর লোকনাথ হাইস্কুলে। তাঁর বাবা নূরুজ্জামান ছিলেন নামকরা উকিল এবং শেরেবাংলা এ কে ফজলুল হকের সঙ্গে রাজনীতি করতেন।</p>\r\n\r\n<p>পাঁচ ভাই ও তিন বোনের মধ্যে শামসুজ্জামান ছিলেন সবার বড়। এ টি এম শামসুজ্জামানের চলচ্চিত্রজীবনের শুরু ১৯৬১ সালে পরিচালক উদয়ন চৌধুরীর &lsquo;বিষকন্যা&rsquo; চলচ্চিত্রে সহকারী পরিচালক হিসেবে। প্রথম কাহিনি ও চিত্রনাট্য লিখেছেন &lsquo;জলছবি&rsquo; চলচ্চিত্রের জন্য।</p>\r\n\r\n<p><img alt=\"সহশিল্পী প্রয়াত হুমায়ুন ফরীদির সঙ্গে এ টি এম শামসুজ্জামান। ছবি: প্রথম আলো\" src=\"https://images.prothomalo.com/prothomalo-bangla%2F2021-02%2F02d8d82c-8780-47b0-8f3f-fb08076b3401%2F76ff5cf622a41dc4201afd633cf9a76e_5dcbedb56bab5.JPG?auto=format%2Ccompress&amp;format=webp&amp;w=720&amp;dpr=1.0\" /></p>\r\n\r\n<p>সহশিল্পী প্রয়াত হুমায়ুন ফরীদির সঙ্গে এ টি এম শামসুজ্জামান। ছবি: প্রথম আলো</p>\r\n\r\n<p>ছবির পরিচালক ছিলেন নারায়ণ ঘোষ মিতা, এ ছবির মাধ্যমেই অভিনেতা ফারুকের চলচ্চিত্রে অভিষেক। এ পর্যন্ত শতাধিক চিত্রনাট্য ও কাহিনি লিখেছেন। প্রথম দিকে কৌতুকাভিনেতা হিসেবে চলচ্চিত্রজীবন শুরু করেন তিনি। অভিনেতা হিসেবে চলচ্চিত্র পর্দায় আগমন ১৯৬৫ সালের দিকে। ১৯৭৬ সালে চলচ্চিত্রকার আমজাদ হোসেনের &lsquo;নয়নমণি&rsquo; চলচ্চিত্রে খলনায়কের চরিত্রে অভিনয়ের মাধ্যমে আলোচনায় আসেন তিনি। ১৯৮৭ সালে কাজী হায়াৎ পরিচালিত &lsquo;দায়ী কে?&rsquo; চলচ্চিত্রে অভিনয় করে শ্রেষ্ঠ অভিনেতা বিভাগে জাতীয় চলচ্চিত্র পুরস্কার পান। রেদওয়ান রনি পরিচালিত &lsquo;চোরাবালি&rsquo; ছবিতে অভিনয় করে জাতীয় চলচ্চিত্র পুরস্কারে পার্শ্বচরিত্রে শ্রেষ্ঠ অভিনেতার সম্মাননা অর্জন করেন।</p>\r\n\r\n<p><img alt=\"হাসপাতালের বিছানায় প্রথম আলোর সঙ্গে আলাপকালে এ টি এম শামসুজ্জামান। ছবি: মাসুম আলী\" src=\"https://images.prothomalo.com/prothomalo%2Fimport%2Fmedia%2F2019%2F11%2F26%2Ff840f4310fd9cdb88a2367bcbe6be1c6-5ddcdf4ea78ee.jpg?auto=format%2Ccompress&amp;format=webp&amp;w=720&amp;dpr=1.0\" /></p>\r\n\r\n<p>হাসপাতালের বিছানায় প্রথম আলোর সঙ্গে আলাপকালে এ টি এম শামসুজ্জামান। ছবি: মাসুম আলী</p>', '1692188232209049.jpg', '1', '2021-02-20', 1, '2021-02-20 04:47:36', '2021-02-20 05:22:26'),
(114, 15, 'জেনেলিয়া নয়, তামান্নাকে চান রিতেশ', 'জেনেলিয়া-নয়,-তামান্নাকে-চান-রিতেশ', '<p>বলিউড অভিনেতা রীতেশ দেশমুখ শুধু অভিনেতাই নন, প্রযোজকও। এবার তাঁর ছবিতে দেখা যাবে দক্ষিণ ভারতীয় অভিনেত্রী তামান্না ভাটিয়াকে। ছবির সঙ্গে যুক্ত রীতেশের স্ত্রী অভিনেত্রী জেনেলিয়া ডিসুজাও। তবে রীতেশ কিংবা জেনেলিয়া কাউকেই রুপালি পর্দায় দেখা যাবে না। তাঁরা থাকবেন ছবি তৈরির পেছনে।<br />\r\nঅভিনেতার পাশাপাশি প্রযোজক হিসেবেও সুনাম কুড়িয়েছেন রীতেশ। এবার তিনি একটি কমেডি ছবি প্রযোজনা করতে যাচ্ছেন। বলিউডে এ ছবিকে ঘিরে এখন নানা গুঞ্জন। জানা গেছে, এ ছবির মূল নায়িকা হিসেবে বাহুবলীখ্যাত অভিনেত্রীকেই দেখা যাবে। রীতেশই ছবির নায়িকা হিসেবে তামান্নাকে চাইছেন। আর জেনেলিয়া এ ছবিতে কাজ করছেন রীতেশের সহপ্রযোজক হিসেবে।</p>\r\n\r\n<p><img alt=\"তামান্না ভাটিয়া।\" src=\"https://images.prothomalo.com/prothomalo%2Fimport%2Fmedia%2F2020%2F06%2F09%2F6a351f841dca09110d6315c82f75a75e-5edf1c356413e.jpg?auto=format%2Ccompress&amp;format=webp&amp;w=720&amp;dpr=1.0\" /></p>\r\n\r\n<p>তামান্না ভাটিয়া।</p>\r\n\r\n<p>&nbsp;ইনস্টাগ্রাম</p>\r\n\r\n<p>রীতেশ আর তাঁর দল ছবির কাজ গোছাতে বেজায় ব্যস্ত। তবে সিনেমা হলে নয়, ছবিটি মুক্তি পাবে সোজা ওটিটি প্ল্যাটফর্মে। তামান্না ভাটিয়ারও চিত্রনাট্য বেশ পছন্দ হয়েছে। তবে তিনি এখনো চুক্তিপত্রে স্বাক্ষর করেননি। তাই তামান্নার কাছ থেকে পুরোপুরি সবুজসংকেত পাওয়া যায়নি বলা যায়।<br />\r\nএর আগে ২০১৩ সালে কমেডি-অ্যাকশন ঘরানার ছবি &lsquo;হিম্মতওয়ালা&rsquo;তে রীতেশ আর তামান্নাকে একসঙ্গে পর্দায় দেখা গিয়েছিল। ২০১৪ সালে &lsquo;হামশকলস&rsquo; ছবিতেও এই জুটিকে আবার দেখা গেছে।</p>', '1692188300999958.jpg', '1', '2021-02-20', 1, '2021-02-20 04:48:41', '2021-02-20 05:22:16'),
(115, 15, 'প্রভাসের হাতে কোটি কোটি টাকার ছবি', 'প্রভাসের-হাতে-কোটি-কোটি-টাকার-ছবি', '<p>&lsquo;বাহুবলী&rsquo;। এই একটি ছবি রাতারাতি ঘুরিয়ে দেয় প্রভাসের ভাগ্যের চাকা। দক্ষিণ ভারতীয় ইন্ডাস্ট্রির সীমানা পেরিয়ে তাঁর জনপ্রিয়তা ছড়িয়ে পড়েছে ভারতজুড়ে। শুধু দেশে নয়, বিদেশের মাটিতেও প্রভাসের জনপ্রিয়তা তুঙ্গে। প্রভাস মানেই কোটি কোটি টাকার প্রকল্প, লাখ লাখ অনুরাগী আর আকাশছোঁয়া প্রত্যাশা। প্রভাসকে মনে মনে ভালোবাসেন লাখো তরুণী। এমনকি বলিউড সুন্দরীরাও তাঁর নায়িকা হওয়ার স্বপ্নে বিভোর।<br />\r\nএ মুহূর্তে নামীদামি চিত্রনির্মাতাদের প্রথম পছন্দ প্রভাস। চিত্রনির্মাতারা তাঁর ছবিতে পরম নিশ্চিন্তে মুড়িমুড়কির মতো কোটি কোটি টাকা বিনিয়োগ করেন। কারণ, তাঁরা জানেন, যত টাকাই ঢালা হোক না কেন, ফিরে আসবে তার কয়েক গুণ। এই মুহূর্তে প্রভাসের হাতে কয়েক শ কোটি রুপির একাধিক নামীদামি প্রকল্প। আর এসব ছবি মুক্তি পাবে দেশজুড়ে। ক্রমে অপ্রতিরোধ্য হয়ে উঠছেন এই দক্ষিণি তারকা। একনজরে দেখে নেওয়া যাক প্রভাসের আগামী সিনেমাগুলো&mdash;</p>\r\n\r\n<p><img alt=\"রাধে শ্যাম ছবির পোস্টারে প্রভাস\" src=\"https://images.prothomalo.com/prothomalo-bangla%2F2021-02%2Fd7bbfb5f-c56b-434b-b1b7-faf366ffdbe3%2F134003183_778778256185887_4426114399263888513_n.jpg?auto=format%2Ccompress&amp;format=webp&amp;w=720&amp;dpr=1.0\" /></p>\r\n\r\n<p>রাধে শ্যাম ছবির পোস্টারে প্রভাস</p>\r\n\r\n<p>&lsquo;<strong>রাধে শ্যাম&rsquo; ছবিতে প্রেম করবেন পূজা ও প্রভাস</strong><br />\r\nভালোবাসা দিবসে প্রভাস তাঁর নতুন এক প্রেমকাহিনির এক টুকরো উষ্ণতা ছড়িয়ে দিয়েছিলেন নেট দুনিয়ায়। এদিন তিনি তাঁর আগামী ছবি &lsquo;রাধে শ্যাম&rsquo;-এর ঝলক দেখালেন সামাজিক যোগাযোগমাধ্যমে। রাধা কৃষ্ণ কুমার পরিচালিত এ রোমান্টিক ড্রামা ছবিতে প্রভাসের বিপরীতে দেখা যাকে পূজা হেগড়েকে। এত দিন দর্শক লাইলি-মজনু, রোমিও-জুলিয়েট, দেবদাস-পার্বতীর ভালোবাসার সাক্ষী হয়েছেন। এবার এ ছবির মাধ্যমে দর্শক রাধে-শ্যামের প্রেমের সাক্ষী হবেন। তবে ছবির শেষ বিয়োগান্ত হবে কি না, তা জানা যায়নি। দক্ষিণি এ ছবিতে একটি গুরুত্বপূর্ণ চরিত্রে দেখা যাবে &lsquo;ম্যায়নে প্যায়ার কিয়া&rsquo;খ্যাত ভাগ্যশ্রীকে। &lsquo;রাধে শ্যাম&rsquo; ছবির অবশিষ্ট অংশের শুটিং হয়েছে হায়দরাবাদে। জানা গেছে, হায়দরাবাদের অন্নপূর্ণা স্টুডিওতে এ ছবির জন্য এক বিশাল সেট নির্মাণ করা হয়েছিল। সেখানেই ছবির শেষ পর্যায়ের শুটিং করেছেন পরিচালক রাধা কৃষ্ণ। তেলেগু, তামিল, মালয়ালম, কন্নড় ছাড়াও ছবিটি হিন্দি ভাষায় মুক্তি পাবে। ২০২১ সালের ৩০ জুলাই আসতে যাচ্ছে &lsquo;রাধে শ্যাম&rsquo;।</p>\r\n\r\n<p><img alt=\"প্রভাস। \" src=\"https://images.prothomalo.com/prothomalo-bangla%2F2020-11%2F89cda262-4797-4a3b-b998-47a694f59302%2FProvash_Binodon_Online_03.png?auto=format%2Ccompress&amp;format=webp&amp;w=720&amp;dpr=1.0\" /></p>\r\n\r\n<p>প্রভাস।&nbsp;</p>\r\n\r\n<p>কোলাজ</p>\r\n\r\n<p><strong>ভারতীয় সিনেমার অন্যতম ব্যয়বহুল ছবি &lsquo;আদিপুরুষ&rsquo;</strong><br />\r\nপ্রভাসের &lsquo;আদিপুরুষ&rsquo; ছবিটিকে ঘিরে উত্তেজনার পারদ ক্রমে বাড়ছে। প্রভাসের এ ছবি পৌরাণিক মহাকাব্য রামায়ণ থেকে অনুপ্রাণিত। রামের চরিত্রে দেখা যাবে প্রভাসকে। আর লঙ্কাপতি রাবণরূপে আসতে যাচ্ছেন সাইফ আলী খান। ছবিতে তাঁর অভিনীত চরিত্রের নাম লঙ্কেশ। সীতার চরিত্র নিয়ে দীর্ঘদিন ধরে নানান জল্পনা&ndash;কল্পনা চলছে। তবে এই দৌড়ে এগিয়ে আছেন বলিউড অভিনেত্রী কৃতি শ্যানন। আর লক্ষণরূপে সানি সিংকে দেখার সম্ভাবনা প্রবল। &lsquo;আদিপুরুষ&rsquo; ছবিটি পরিচালনা করছেন &lsquo;তানহাজি: দ্য আনসাং ওয়ারিয়র্স&rsquo;-এর পরিচালক ওম রাউত। জানা গেছে, এ ছবিতে ভিএফএক্সের দারুণ সব কাজ থাকবে। হলিউড থেকে এসেছেন নামকরা সব প্রযুক্তিবিদ। তাই এ ছবির মাধ্যমে দর্শক আবার এক ভিন্ন অভিজ্ঞতার স্বাদ নিতে যাচ্ছেন। জানা গেছে, &lsquo;আদিপুরুষ&rsquo; ছবির জন্য ধনুক চালানোর প্রশিক্ষণ নিয়েছেন প্রভাস। ওম চাইছেন একটানা এ ছবির শুটিং করতে। মুম্বাইয়ের স্টুডিওতে ক্রোমা স্ক্রিনে &lsquo;আদিপুরুষ&rsquo; ছবির শুটিং হচ্ছে। পরে ভিএফএক্স প্রযুক্তির সাহায্য নেওয়া হবে। সম্প্রতি এ ছবির সেটে ভয়াবহ আগুন লেগে প্রচুর ক্ষয়ক্ষতি হয়েছে। তবে সেটের সবাই সুরক্ষিত ছিলেন। এবার এই ছবির বাজেট শুনলে চোখ কপালে উঠতে বাধ্য।<br />\r\n&lsquo;আদিপুরুষ&rsquo;-এর বাজেট আপাতত ৪০০ কোটি রুপি রাখা হয়েছে। থ্রি&ndash;ডি ছবিটি বলিউডের ইতিহাসে সবচেয়ে ব্যয়বহুল ছবি হতে যাচ্ছে। প্রভাসের এ ছবি ২০২২ সালের ১১ আগস্ট হিন্দিসহ বেশ কয়েকটি ভাষায় আসতে যাচ্ছে।</p>\r\n\r\n<p><img alt=\"প্রভাস\" src=\"https://images.prothomalo.com/prothomalo-bangla%2F2021-02%2Fb887daae-e83b-4e0b-9dff-9bcab6b7bc2f%2F151088465_925889114821633_6640827758105701031_n.jpg?auto=format%2Ccompress&amp;format=webp&amp;w=720&amp;dpr=1.0\" /></p>\r\n\r\n<p>প্রভাস</p>\r\n\r\n<p>ইনস্টাগ্রাম</p>\r\n\r\n<p><strong>একসঙ্গে দেখা যাবে প্রভাস, দীপিকা আর অমিতাভকে</strong><br />\r\nএকই ক্যানভাসে আসতে যাচ্ছেন ভারতীয় সিনেমার তিন মহারথী অমিতাভ বচ্চন, প্রভাস আর দীপিকা পাড়ুকোন। তাই এ ছবি ঘিরে সিনেমাপ্রেমীদের মধ্যে প্রবল উন্মাদনা। প্রভাসের ক্যারিয়ারের ২১তম ছবি হতে যাচ্ছে এটি। &lsquo;বৈজয়ন্তী মুভিজ&rsquo; প্রযোজিত সায়েন্স ফিকশনভিত্তিক এ ছবির নাম এখনো ঠিক হয়নি। প্রভাসের এ ছবি পরিচালনা করবেন তেলেগু চলচ্চিত্র দুনিয়ার জনপ্রিয় পরিচালক নাগ অশ্বিন। প্রভাসের পাশাপাশি দীপিকা, অমিতাভ বচ্চনকে দুর্ধর্ষ অ্যাকশন দৃশ্যে দেখা যাবে এই ছবিতে। প্রথমে গুঞ্জন ছিল, অমিতাভকে দেখা যাবে অতিথি চরিত্রে। তবে নতুন খবর হলো, প্রভাসের পাশাপাশি বলিউডের এই মেগাস্টারও দাপটের সঙ্গে জায়গা করে নেবেন পর্দায়। জানা গেছে, এই ছবির জন্য বেশ দর হাঁকিয়েছেন প্রভাস। বলিউড শাহেনশাহ অমিতাভ বচ্চনও বড় অঙ্কের পারিশ্রমিক নিয়েছেন বলে জানা গেছে। এই ছবির জন্য ২২ কোটি রুপি নিয়েছেন তিনি। এ ক্ষেত্রে দীপিকার থেকেও এগিয়ে এই দক্ষিণি সুপারস্টার। দীপিকা এ ছবির জন্য নিয়েছেন ২১ কোটি রুপি। তবে নির্মাতারা অমিতাভের দাবি হাসি মুখে মেনে নিয়েছেন। কারণ, নির্মাতাদের মতে, হিন্দি ছবির দুনিয়ায় এখনো অমিতাভ বচ্চন সবচেয়ে বড় নাম। তাই অমিতাভের মতো মহাতারকাকে হাতছাড়া করতে চাননি তাঁরা। ২০২২ সালে প্রভাসের ২১তম ছবিটি হিন্দি, তামিল, তেলেগু, কন্নড় ও মালয়ালম ভাষায় মুক্তি পাবে।</p>\r\n\r\n<p><img alt=\"প্রভাস।\" src=\"https://images.prothomalo.com/prothomalo-bangla%2F2020-11%2F15150370-2a1a-475d-933f-ad6791a919f9%2FProvash_Binodon_Online_.png?auto=format%2Ccompress&amp;format=webp&amp;w=720&amp;dpr=1.0\" /></p>\r\n\r\n<p>প্রভাস।</p>\r\n\r\n<p>ইনস্টাগ্রাম</p>\r\n\r\n<p><strong>প্রভাসকে নিয়ে &lsquo;কেজিএফ&rsquo; পরিচালকের &lsquo;সালার&rsquo;</strong><br />\r\nআরও একটি বড় প্রকল্প প্রভাসের হাতে মুঠোয়। হোমবেল ফিল্মসের প্যান ইন্ডিয়া ছবি &lsquo;সালার&rsquo;-এর নায়ক এই দক্ষিণি সুপারস্টার। কয়েক মাস আগে সোশ্যাল মিডিয়ায় হোমবেল ফিল্মস ধুমধাম তাদের নতুন ছবির পোস্টার প্রকাশ করে। আর পোস্টার প্রকাশের সঙ্গে সঙ্গে তারা জানায় যে এ ছবির নায়ক প্রভাস। &lsquo;সালার&rsquo; ছবিটি পরিচালনা করছেন &lsquo;কেজিএফ&rsquo; ছবির পরিচালক প্রশান্ত নীল। তাই &lsquo;সালার&rsquo;কে ঘিরে সবার প্রত্যাশা বাড়ছে। জানা গেছে, অ্যাকশনধর্মী এই ছবিতে প্রভাস এমন একটি চরিত্রে অভিনয় করতে যাচ্ছেন, যে চরিত্র দর্শক আগে কখনো দেখেননি। প্রভাস নিজেও একই কথা বলেছেন সামাজিক যোগাযোগমাধ্যমে। প্রভাস জানিয়েছেন যে তাঁকে বেশ দুর্ধর্ষ এক চরিত্রে দেখা যাবে। এ ধরনের ভয়ানক, নিষ্ঠুর চরিত্রে দর্শক তাঁকে আগে দেখেননি। এ ছবিতে তাঁর বিপরীতে আছেন দক্ষিণি নায়িকা শ্রুতি হাসান। ২০২১ সালে &lsquo;সালার&rsquo; মুক্তি পাবে হিন্দিসহ তামিল, তেলেগু, কন্নড় ও মালয়ালম ভাষায়। শিগগিরই শুরু হবে এ ছবির শুটিং।</p>', '1692188429040786.jpg', '1', '2021-02-20', 1, '2021-02-20 04:50:44', '2021-02-20 05:22:06'),
(116, 15, 'নৈনামিক ব্যান্ড আনছে ‘ফেব্রুয়ারি’', 'নৈনামিক-ব্যান্ড-আনছে-‘ফেব্রুয়ারি’', '<p>নৈনামিক ব্যান্ডের নতুন গান আসছে &lsquo;ফেব্রুয়ারি&rsquo; শিরোনামে। আন্তর্জাতিক মাতৃভাষা দিবস উপলক্ষে ২১ ফেব্রুয়ারি সকালে ব্যান্ডটির ইউটিউব চ্যানেল নৈনামিক স্টুডিও এবং ফেসবুক পেজে প্রকাশিত হবে গানের ভিডিও। গানের সুর ও কণ্ঠ ব্যান্ডের ভোকাল রেইনের। সঙ্গে কোরাসে ছিলেন সালেহীন ও শোভন। গানের কথা লিখেছেন সঞ্জীবন চক্রবর্তী।<br />\r\nব্যান্ডের প্রধান গালিব হাসান জানান, একুশের এই গানের মিউজিক ভিডিওটি অ্যানিমেশনে তৈরি করা হয়েছে। এটি নৈনামিক ব্যান্ডের পঞ্চম মৌলিক গানের ভিডিও।<br />\r\nগান প্রসঙ্গে এই দলপ্রধান বলেন, &lsquo;নতুন আঙ্গিকে অমর একুশে ফেব্রুয়ারির জন্য গানটি করেছি। এটি আমাদের পঞ্চম মৌলিক গান। মূলত সংগীতের মূলধারাকে বুকে ধারণ করে এর প্রতিটি স্তরকে সঙ্গী করে প্রতিনিয়ত আমরা কাজ করে যাচ্ছি, আগামীতেও করে যাব। আমরা চাই আমাদের গানগুলো দেশের প্রতিটি প্রান্তে ছড়িয়ে যাক। মানুষ সুস্থ ও শুদ্ধ সংগীতকে সাদরে গ্রহণ করুক, এটাই আমাদের কাম্য।&rsquo;</p>\r\n\r\n<p>গালিব হাসান জানান, বাংলাদেশ টেলিভিশন নাট্য নির্মাতাদের অ্যাসোসিয়েশন ডিরেক্টরস গিল্ডের জন্য &lsquo;ডিরেক্টরস গিল্ড&rsquo; শিরোনামে নতুন একটি গান তৈরি করেছে ব্যান্ডটি। এ ছাড়া আরও দুটি মৌলিক গান ভিডিও আকারে আসবে। প্রস্তুতি চলছে।<br />\r\n২০২০ সালের জুনে নৈনামিক ব্যান্ডটি আত্মপ্রকাশ করে। ব্যান্ডটি বঙ্গবন্ধুর জন্মশতবার্ষিকীতে প্রকাশ করেছে তাদের প্রথম মৌলিক গান &lsquo;দেশ বাংলাদেশ&rsquo;, গত ডিসেম্বরে প্রকাশ করেছে বুদ্ধিজীবীদের নিয়ে &lsquo;নির্ভীক চোখ&rsquo;, মহান বিজয় দিবস নিয়ে &lsquo;যোদ্ধা&rsquo; ও &lsquo;বিজয়ের দিন&rsquo; শিরোনামে মোট চারটি গান।<br />\r\nদেশীয় সংস্কৃতির এই চর্চাকে বুকে ধারণ করে নিয়মিত কাজ করলেও ব্যান্ড সংগীতের আদলে রক ঘরানার গানও করে তারা। নৈনামিক ব্যান্ডের লাইনআপে আছেন ভোকাল রেইন, কি&ndash;বোর্ড ও কোরাসে শোভন, লিড গিটারে নয়ন ও সালেহীন, ড্রামসে তুরাগ, তবলায় অঞ্জন, বাঁশিতে প্রান্ত, সেতারে আবুল কাসেম এবং ভায়োলিনে লিটন।</p>', '1692188570443573.jpg', '1', '2021-02-20', 1, '2021-02-20 04:52:58', '2021-02-20 05:21:57');
INSERT INTO `posts` (`id`, `category_id`, `title`, `slug`, `description`, `image`, `hot_news`, `date`, `status`, `created_at`, `updated_at`) VALUES
(117, 15, 'সালমানের মন কেড়েছে কোটি টাকার কালো ঘোড়া', 'সালমানের-মন-কেড়েছে-কোটি-টাকার-কালো-ঘোড়া', '<p>বলিউড সুপারস্টার সালমান খান সবার হৃদয়ে রাজত্ব করেন। কিন্তু এ মুহূর্তে মন কেড়েছে এক কালো রঙের ঘোড়া। নাম তার পরমবীর। এ ঘোড়ার &lsquo;প্রেমে&rsquo; পড়েছেন সালমান। আর যেকোনো মূল্যে কালো ঘোড়াটি তাঁর চায়-ই চায়। আর সে জন্য কোটি রুপি খরচ করতেও প্রস্তুত এই বলিউড সুপারস্টার। কিন্তু ঘোড়ার মালিক সালমানের প্রস্তাব ফিরিয়ে দিয়েছেন। সালমানের কাছে ঘোড়া বিক্রি করবেন না তিনি। তা ছাড়া পরমবীরকে কিছুতেই বিক্রির ইচ্ছা নেই তাঁর।</p>\r\n\r\n<p>পোষা প্রাণীর প্রতি সালমানের ভালোবাসার কথা কারও অজানা নয়। অবসরে প্রিয় পোষ্যদের সঙ্গে সময় কাটান তিনি। মুম্বাইয়ের কাছে পানভেলে নিজের ফার্ম হাউসে বেশ কিছু ঘোড়া আছে সালমানের। লকডাউনে সেই ঘোড়াগুলোর সঙ্গে দারুণ সময় কাটিয়েছেন তিনি। এমনকি জ্যকুলিন ফার্নান্দেজেরও খুব প্রিয় ঘোড়াগুলো। তাদের সঙ্গে জ্যাকুলিন বেশ কিছু ছবি আর ভিডিও-ও পোস্ট করেছেন ইনস্টাগ্রামে। লকডাউনে মুক্তি পাওয়া সালমানের মিউজিক ভিডিওতেও দেখা গেছে ঘোড়াগুলোকে। আর এ নিয়ে একাধিক ভিডিও সামাজিক যোগাযোগমাধ্যমে পোস্ট করেছেন সালমান। তবে এবার এক কালো রঙের ঘোড়ার প্রেমে মজেছেন তিনি।</p>\r\n\r\n<p><img alt=\"পোষা প্রাণীর প্রতি সালমানের ভালোবাসার কথা কারও অজানা নয়\" src=\"https://images.prothomalo.com/prothomalo-bangla%2F2021-02%2F3314c3a4-ce36-4546-8071-a096dcb6362e%2Ff15e067fb711e743ff15e0ee502fd9e7.jpg?auto=format%2Ccompress&amp;format=webp&amp;w=720&amp;dpr=1.0\" /></p>\r\n\r\n<p>পোষা প্রাণীর প্রতি সালমানের ভালোবাসার কথা কারও অজানা নয়</p>\r\n\r\n<p>ইনস্টাগ্রাম</p>\r\n\r\n<p>পাঞ্জাবের ফরিদকোট জেলায় &lsquo;হর্স ব্রির্ডস&rsquo; প্রতিযোগিতার আয়োজন করা হয়েছিল। এ প্রতিযোগিতায় সালমান প্রথম দেখেন পরমবীরকে। এরপর সালমানের আগ্রহের কথা শুনে ঘোড়াটিকে কেনার উদ্যোগ নেয় তাঁর দল। তাই তারা পরমবীরের মালিকের সঙ্গে যোগাযোগ করে। গুজরাটের আহমেদাবাদ থেকে রঞ্জিত সিং রাঠোর দুটো ঘোড়া নিয়ে এ প্রতিযোগিতায় অংশগ্রহণ করেছিলেন। এর একটিই পরমবীর।</p>\r\n\r\n<p>২০২০ সালেও পরমবীর সবার দৃষ্টি আকর্ষণ করেছিল। কালো রঙের ঘোড়াটির উচ্চতা ৬৫ ইঞ্চির বেশি। গতবার রিলায়েন্স গোষ্ঠী ঘোড়াটিকে কেনার প্রস্তাব দিয়েছিল। কিন্তু তারা ঘোড়াটিকে কিনতে পারেনি। পরমবীরের বাজারদর এক কোটি রুপি। সালমান এ টাকা দিতে প্রস্তুত ছিলেন। কিন্তু তাঁর প্রস্তাব ফিরিয়ে দিয়েছেন রঞ্জিত সিং রাঠোর। তিনি ঘোড়াটি কোনো মূল্যে বিক্রি করবেন না, এ কথা সাফ জানিয়ে দিয়েছেন। জানা গেছে, পরমবীরের খাবারের জন্য রোজ দুই হাজার রুপি খরচ হয়।</p>\r\n\r\n<p><img alt=\"সালমান খান \" src=\"https://images.prothomalo.com/prothomalo-bangla%2F2020-09%2Ff49077e4-5e38-49d0-a843-c183353afd7d%2Fbeingsalmankhan_116641984_1187994734889117_3847042094338550951_n.jpg?auto=format%2Ccompress&amp;format=webp&amp;w=720&amp;dpr=1.0\" /></p>\r\n\r\n<p>সালমান খান&nbsp;</p>\r\n\r\n<p>ইনস্টাগ্রাম</p>\r\n\r\n<p>২০১৮ সালে সালমানের সঙ্গে একবার একই রকম ঘটনা ঘটেছিল। সুরাতের কাছে ওলপড শহরের সিরাজ খান পাঠানের ছয় বছরের ঘোড়া সকাবকে কিনতে আগ্রহী ছিলেন সালমান। এক এজেন্টের মাধ্যমে ঘোড়াটি কিনতে দুই কোটি রুপির প্রস্তাব দিয়েছিলেন। কিন্তু সিরাজ অনায়াসে ফিরিয়ে দিয়েছিলেন সেই প্রস্তাব।</p>', '1692188652404102.jpg', '1', '2021-02-20', 1, '2021-02-20 04:54:16', '2021-02-20 05:21:48'),
(118, 26, 'সাধারণ বীমা করপোরেশন লোক নেবে ৫ পদে', 'সাধারণ-বীমা-করপোরেশন-লোক-নেবে-৫-পদে', '<p>অর্থ মন্ত্রণালয়ের আর্থিক প্রতিষ্ঠান বিভাগের আওতাধীন রাষ্ট্রীয় প্রতিষ্ঠান সাধারণ বীমা করপোরেশনের শূন্য পদসমূহে লোকবল নিয়োগের জন্য বিজ্ঞপ্তি প্রকাশ করেছে। ডেপুটি জেনারেল ম্যানেজার ও সহকারী জেনারেল ম্যানেজারসহ পাঁচটি পদে পাঁচজনকে নিয়োগ দেওয়া হবে। পদগুলোয় আবেদন করতে পারবেন যে কেউ। ২৩ ফেব্রুয়ারির মধ্যে আগ্রহী প্রার্থীরা আবেদন করতে পারবেন।</p>\r\n\r\n<p><strong>পদের নাম:</strong> ডেপুটি জেনারেল ম্যানেজার (হিসাবরক্ষণ)<br />\r\n<strong>পদসংখ্যা:</strong> ১টি, গ্রেড&ndash;৩।<br />\r\n<strong>শিক্ষাগত যোগ্যতা ও অভিজ্ঞতা:</strong> সংশ্লিষ্ট কাজে ন্যূনতম পাঁচ বছরের অভিজ্ঞতাসহ সিএ/এমবিএ ডিগ্রি।<br />\r\n<strong>বয়সসীমা: </strong>সর্বোচ্চ ৪৫ বছর।<br />\r\n<strong>বেতন স্কেল</strong>: ৫৬,৫০০-৭৪,৪০০ টাকা।</p>\r\n\r\n<p><strong>পদের নাম</strong>: সহকারী জেনারেল ম্যানেজার (হিসাবরক্ষণ)<br />\r\n<strong>পদসংখ্যা</strong>: ১টি, গ্রেড-৪<br />\r\n<strong>শিক্ষাগত যোগ্যতা ও অভিজ্ঞতা</strong>: সংশ্লিষ্ট কাজে ন্যূনতম চার বছরের অভিজ্ঞতাসহ সিএ/এমবিএ ডিগ্রি।<br />\r\n<strong>বয়সসীমা:</strong> সর্বোচ্চ ৪৫ বছর।<br />\r\n<strong>বেতন স্কেল:</strong> ৫০,০০০-৭১,২০০ টাকা।</p>\r\n\r\n<p><strong>পদের নাম</strong>: সিনিয়র সিস্টেম অ্যানালিস্ট<br />\r\n<strong>পদসংখ্যা</strong>: ১টি, গ্রেড-৪<br />\r\n<strong>শিক্ষাগত যোগ্যতা ও অভিজ্ঞতা:</strong> কম্পিউটার সায়েন্স/কম্পিউটার সায়েন্স অ্যান্ড ইঞ্জিনিয়ারিং/ইলেকট্রিক্যাল অ্যান্ড ইলেকট্রনিক্স ইঞ্জিনিয়ারিং/ইনফরমেশন অ্যান্ড কমিউনিকেশন টেকনোলজি&ndash;সংশ্লিষ্ট বিষয়ে দ্বিতীয় শ্রেণি বা সমমানের সিজিপিএসহ অন্যূন স্নাতক (সম্মান) বা সমমানের ডিগ্রি। সিনিয়র প্রোগ্রামার হিসেবে অন্যূন তিন বছরের চাকরির অভিজ্ঞতা।<br />\r\n<strong>বয়সসীমা</strong>: সর্বোচ্চ ৪৫ বছর।<br />\r\n<strong>বেতন স্কেল:</strong> ৫০,০০০-৭১,২০০ টাকা।</p>\r\n\r\n<p><strong>পদের নাম</strong>: প্রোগ্রামার<br />\r\n<strong>পদসংখ্যা:</strong> ১টি, গ্রেড-৬<br />\r\n<strong>শিক্ষাগত যোগ্যতা ও অভিজ্ঞতা:</strong> কম্পিউটার সায়েন্স/কম্পিউটার সায়েন্স অ্যান্ড ইঞ্জিনিয়ারিং/ইলেকট্রিক্যাল অ্যান্ড ইলেকট্রনিক্স ইঞ্জিনিয়ারিং/ইনফরমেশন অ্যান্ড কমিউনিকেশন টেকনোলজি&ndash;সংশ্লিষ্ট বিষয়ে দ্বিতীয় শ্রেণি বা সমমানের সিজিপিএসহ অন্যূন স্নাতক (সম্মান) বা সমমানের ডিগ্রি। সহকারী প্রোগ্রামার/অ্যাসিস্ট্যান্ট মেইনটেইন্যান্স ইঞ্জিনিয়ার হিসেবে অন্যূন চার বছরের চাকরির অভিজ্ঞতা।<br />\r\n<strong>বয়সসীমা:</strong> সর্বোচ্চ ৩৫ বছর।<br />\r\n<strong>বেতন স্কেল:</strong> ৩৫,৫০০-৬৭,০১০ টাকা।</p>\r\n\r\n<p><strong>পদের নাম:</strong> অ্যাসিস্ট্যান্ট মেইনটেইন্যান্স ইঞ্জিনিয়ার<br />\r\n<strong>পদসংখ্যা: </strong>১টি, গ্রেড-৯<br />\r\n<strong>শিক্ষাগত যোগ্যতা:</strong> কম্পিউটার সায়েন্স/কম্পিউটার সায়েন্স অ্যান্ড ইঞ্জিনিয়ারিং/ইলেকট্রিক্যাল অ্যান্ড ইলেকট্রনিক্স ইঞ্জিনিয়ারিং/ইনফরমেশন অ্যান্ড কমিউনিকেশন টেকনোলজি&ndash;সংশ্লিষ্ট বিষয়ে দ্বিতীয় শ্রেণি বা সমমানের সিজিপিএসহ অন্যূন স্নাতক (সম্মান) বা সমমানের ডিগ্রি।<br />\r\n<strong>বয়সসীমা: </strong>সর্বোচ্চ ৩০ বছর।<br />\r\n<strong>বেতন স্কেল</strong>: ২২,০০০-৫৩,০৬০ টাকা।<br />\r\n<strong>আবেদনের প্রক্রিয়া</strong><br />\r\nপ্রয়োজনীয় কাগজপত্রসহ আবেদনপত্র ডাকযোগে ডেপুটি জেনারেল ম্যানেজার, মানবসম্পদ বিভাগ (৮ম তলা), সাধারণ বীমা করপোরেশন, প্রধান কার্যালয়, ৩৩, দিলকুশা বা/এ, ঢাকা-১০০০ ঠিকানায় পাঠাতে হবে ২৩ ফেব্রুয়ারির মধ্যে।<br />\r\nআবেদনের শর্তাবলি জানতে বিজ্ঞপ্তিটি দেখুন।</p>', '1692203625228707.png', '1', '2021-02-20', 1, '2021-02-20 05:14:27', '2021-02-20 08:52:16'),
(120, 16, '৭ গোলের কষ্ট একটু হলেও ভুলল লিভারপুল?', '৭-গোলের-কষ্ট-একটু-হলেও-ভুলল-লিভারপুল?', '<p>৭ গোলের কষ্ট একটু হলেও ভুলল লিভারপুল?৭ গোলের কষ্ট একটু হলেও ভুলল লিভারপুল?৭ গোলের কষ্ট একটু হলেও ভুলল লিভারপুল?৭ গোলের কষ্ট একটু হলেও ভুলল লিভারপুল?৭ গোলের কষ্ট একটু হলেও ভুলল লিভারপুল?৭ গোলের কষ্ট একটু হলেও ভুলল লিভারপুল?৭ গোলের কষ্ট একটু হলেও ভুলল লিভারপুল?৭ গোলের কষ্ট একটু হলেও ভুলল লিভারপুল?৭ গোলের কষ্ট একটু হলেও ভুলল লিভারপুল?৭ গোলের কষ্ট একটু হলেও ভুলল লিভারপুল?৭ গোলের কষ্ট একটু হলেও ভুলল লিভারপুল?৭ গোলের কষ্ট একটু হলেও ভুলল লিভারপুল?৭ গোলের কষ্ট একটু হলেও ভুলল লিভারপুল?৭ গোলের কষ্ট একটু হলেও ভুলল লিভারপুল?৭ গোলের কষ্ট একটু হলেও ভুলল লিভারপুল?৭ গোলের কষ্ট একটু হলেও ভুলল লিভারপুল?৭ গোলের কষ্ট একটু হলেও ভুলল লিভারপুল?৭ গোলের কষ্ট একটু হলেও ভুলল লিভারপুল?৭ গোলের কষ্ট একটু হলেও ভুলল লিভারপুল?৭ গোলের কষ্ট একটু হলেও ভুলল লিভারপুল?৭ গোলের কষ্ট একটু হলেও ভুলল লিভারপুল?৭ গোলের কষ্ট একটু হলেও ভুলল লিভারপুল?৭ গোলের কষ্ট একটু হলেও ভুলল লিভারপুল?৭ গোলের কষ্ট একটু হলেও ভুলল লিভারপুল?৭ গোলের কষ্ট একটু হলেও ভুলল লিভারপুল?৭ গোলের কষ্ট একটু হলেও ভুলল লিভারপুল?৭ গোলের কষ্ট একটু হলেও ভুলল লিভারপুল?৭ গোলের কষ্ট একটু হলেও ভুলল লিভারপুল?৭ গোলের কষ্ট একটু হলেও ভুলল লিভারপুল?৭ গোলের কষ্ট একটু হলেও ভুলল লিভারপুল?</p>', '1692317888900909.jpg', '1', '2021-02-21', 1, '2021-02-21 15:08:29', '2021-02-21 15:08:29');

-- --------------------------------------------------------

--
-- Table structure for table `settings`
--

CREATE TABLE `settings` (
  `id` bigint(20) UNSIGNED NOT NULL,
  `author` varchar(255) COLLATE utf8mb4_unicode_ci NOT NULL,
  `system_name` varchar(255) COLLATE utf8mb4_unicode_ci NOT NULL,
  `address` text COLLATE utf8mb4_unicode_ci NOT NULL,
  `phone` varchar(255) COLLATE utf8mb4_unicode_ci NOT NULL,
  `email` varchar(255) COLLATE utf8mb4_unicode_ci NOT NULL,
  `website` varchar(255) COLLATE utf8mb4_unicode_ci NOT NULL,
  `facebook` varchar(255) COLLATE utf8mb4_unicode_ci NOT NULL,
  `twitter` varchar(255) COLLATE utf8mb4_unicode_ci NOT NULL,
  `linked_in` varchar(255) COLLATE utf8mb4_unicode_ci NOT NULL,
  `google_plus` varchar(255) COLLATE utf8mb4_unicode_ci NOT NULL,
  `youtube` varchar(255) COLLATE utf8mb4_unicode_ci NOT NULL,
  `logo` varchar(255) COLLATE utf8mb4_unicode_ci NOT NULL,
  `created_at` timestamp NULL DEFAULT NULL,
  `updated_at` timestamp NULL DEFAULT NULL
) ENGINE=InnoDB DEFAULT CHARSET=utf8mb4 COLLATE=utf8mb4_unicode_ci;

--
-- Dumping data for table `settings`
--

INSERT INTO `settings` (`id`, `author`, `system_name`, `address`, `phone`, `email`, `website`, `facebook`, `twitter`, `linked_in`, `google_plus`, `youtube`, `logo`, `created_at`, `updated_at`) VALUES
(1, 'Arafat Hossen Rony', 'NewsPortal', '210, MuktoBangla Shopping Complex, Mirpur1, Dhaka', '01791828182', 'rony.rngp@gmail.com', 'https://demoprogramming.xyz', 'https://www.facebook.com', 'https://www.twitter.com', 'https://www.linkedin.com', 'https://www.googleplus.com', 'https://www.youtube.com', 'public/backend/upload/posts/logo/1692237168873923.gif', NULL, '2021-02-21 04:07:07');

-- --------------------------------------------------------

--
-- Table structure for table `users`
--

CREATE TABLE `users` (
  `id` bigint(20) UNSIGNED NOT NULL,
  `name` varchar(255) COLLATE utf8mb4_unicode_ci NOT NULL,
  `email` varchar(255) COLLATE utf8mb4_unicode_ci NOT NULL,
  `email_verified_at` timestamp NULL DEFAULT NULL,
  `password` varchar(255) COLLATE utf8mb4_unicode_ci NOT NULL,
  `remember_token` varchar(100) COLLATE utf8mb4_unicode_ci DEFAULT NULL,
  `created_at` timestamp NULL DEFAULT NULL,
  `updated_at` timestamp NULL DEFAULT NULL
) ENGINE=InnoDB DEFAULT CHARSET=utf8mb4 COLLATE=utf8mb4_unicode_ci;

--
-- Dumping data for table `users`
--

INSERT INTO `users` (`id`, `name`, `email`, `email_verified_at`, `password`, `remember_token`, `created_at`, `updated_at`) VALUES
(1, 'Rony Islam', 'rony.rng@gmail.com', NULL, '$2y$10$D5syyhFxtszSisBfHWIx.OaeU4fcQWWTtNt.n.Ct4FY3KbxzWZeYG', NULL, '2021-02-16 22:48:04', '2021-02-16 22:48:04');

-- --------------------------------------------------------

--
-- Table structure for table `video_galleries`
--

CREATE TABLE `video_galleries` (
  `id` bigint(20) UNSIGNED NOT NULL,
  `embed_code` text COLLATE utf8mb4_unicode_ci NOT NULL,
  `status` tinyint(4) NOT NULL DEFAULT 1,
  `created_at` timestamp NULL DEFAULT NULL,
  `updated_at` timestamp NULL DEFAULT NULL
) ENGINE=InnoDB DEFAULT CHARSET=utf8mb4 COLLATE=utf8mb4_unicode_ci;

--
-- Dumping data for table `video_galleries`
--

INSERT INTO `video_galleries` (`id`, `embed_code`, `status`, `created_at`, `updated_at`) VALUES
(1, 'https://www.youtube.com/watch?v=i1HpSzorjlc&list=RDR1ggOGRD8v8&index=8', 1, NULL, '2021-02-21 07:09:51'),
(2, 'https://www.youtube.com/watch?v=TmRgK-pXH9c&list=RDI6kO07gSQDY&index=4', 1, NULL, '2021-02-21 07:05:25'),
(3, 'https://www.youtube.com/watch?v=I6kO07gSQDY&list=RDI6kO07gSQDY&index=1', 1, NULL, '2021-02-21 07:06:02'),
(4, 'https://www.youtube.com/watch?v=YTybrzpBcj0&list=RDI6kO07gSQDY&index=10', 1, NULL, '2021-02-21 07:06:32');

--
-- Indexes for dumped tables
--

--
-- Indexes for table `ads`
--
ALTER TABLE `ads`
  ADD PRIMARY KEY (`id`);

--
-- Indexes for table `categories`
--
ALTER TABLE `categories`
  ADD PRIMARY KEY (`id`);

--
-- Indexes for table `failed_jobs`
--
ALTER TABLE `failed_jobs`
  ADD PRIMARY KEY (`id`),
  ADD UNIQUE KEY `failed_jobs_uuid_unique` (`uuid`);

--
-- Indexes for table `migrations`
--
ALTER TABLE `migrations`
  ADD PRIMARY KEY (`id`);

--
-- Indexes for table `password_resets`
--
ALTER TABLE `password_resets`
  ADD KEY `password_resets_email_index` (`email`);

--
-- Indexes for table `photo_galleries`
--
ALTER TABLE `photo_galleries`
  ADD PRIMARY KEY (`id`);

--
-- Indexes for table `posts`
--
ALTER TABLE `posts`
  ADD PRIMARY KEY (`id`),
  ADD KEY `posts_category_id_foreign` (`category_id`);

--
-- Indexes for table `settings`
--
ALTER TABLE `settings`
  ADD PRIMARY KEY (`id`);

--
-- Indexes for table `users`
--
ALTER TABLE `users`
  ADD PRIMARY KEY (`id`),
  ADD UNIQUE KEY `users_email_unique` (`email`);

--
-- Indexes for table `video_galleries`
--
ALTER TABLE `video_galleries`
  ADD PRIMARY KEY (`id`);

--
-- AUTO_INCREMENT for dumped tables
--

--
-- AUTO_INCREMENT for table `ads`
--
ALTER TABLE `ads`
  MODIFY `id` bigint(20) UNSIGNED NOT NULL AUTO_INCREMENT, AUTO_INCREMENT=4;

--
-- AUTO_INCREMENT for table `categories`
--
ALTER TABLE `categories`
  MODIFY `id` bigint(20) UNSIGNED NOT NULL AUTO_INCREMENT, AUTO_INCREMENT=34;

--
-- AUTO_INCREMENT for table `failed_jobs`
--
ALTER TABLE `failed_jobs`
  MODIFY `id` bigint(20) UNSIGNED NOT NULL AUTO_INCREMENT;

--
-- AUTO_INCREMENT for table `migrations`
--
ALTER TABLE `migrations`
  MODIFY `id` int(10) UNSIGNED NOT NULL AUTO_INCREMENT, AUTO_INCREMENT=10;

--
-- AUTO_INCREMENT for table `photo_galleries`
--
ALTER TABLE `photo_galleries`
  MODIFY `id` bigint(20) UNSIGNED NOT NULL AUTO_INCREMENT, AUTO_INCREMENT=6;

--
-- AUTO_INCREMENT for table `posts`
--
ALTER TABLE `posts`
  MODIFY `id` bigint(20) UNSIGNED NOT NULL AUTO_INCREMENT, AUTO_INCREMENT=121;

--
-- AUTO_INCREMENT for table `settings`
--
ALTER TABLE `settings`
  MODIFY `id` bigint(20) UNSIGNED NOT NULL AUTO_INCREMENT, AUTO_INCREMENT=2;

--
-- AUTO_INCREMENT for table `users`
--
ALTER TABLE `users`
  MODIFY `id` bigint(20) UNSIGNED NOT NULL AUTO_INCREMENT, AUTO_INCREMENT=2;

--
-- AUTO_INCREMENT for table `video_galleries`
--
ALTER TABLE `video_galleries`
  MODIFY `id` bigint(20) UNSIGNED NOT NULL AUTO_INCREMENT, AUTO_INCREMENT=5;

--
-- Constraints for dumped tables
--

--
-- Constraints for table `posts`
--
ALTER TABLE `posts`
  ADD CONSTRAINT `posts_category_id_foreign` FOREIGN KEY (`category_id`) REFERENCES `categories` (`id`) ON DELETE CASCADE;
COMMIT;

/*!40101 SET CHARACTER_SET_CLIENT=@OLD_CHARACTER_SET_CLIENT */;
/*!40101 SET CHARACTER_SET_RESULTS=@OLD_CHARACTER_SET_RESULTS */;
/*!40101 SET COLLATION_CONNECTION=@OLD_COLLATION_CONNECTION */;
